;de1;en
0;FRANZ KAFKA Franz Kafka  ;The greater the military defeats of the “Wehrmacht” in the field, the greater becomes that victory of Nazi political warfare which is so often incorrectly described as mere propaganda.
1;Als Franz Kafka, ein Jude deutscher Sprache aus Prag, einundvierzigjährig im Sommer des Jahres 1924 an der Schwindsucht starb, war sein Werk nur einem kleinen Kreis von Schriftstellern und einem noch kleineren Kreis von Lesern bekannt.;It is the central thesis of this Nazi political strategy that there is no difference between Nazis and Germans, that the people stand united behind the government, that all Allied hopes of finding part of the people uninfected ideologically and all appeals to a democractic Germany of the future are pure illusion.
2;Seither ist sein Ruf langsam und stetig gewachsen;The implication of this thesis is, of course, that there is no distinction as to responsbility, that German anti-Fascists will suffer from defeat equally with German Fascists, and that the Allies had made such distinctions at the beginning of the war only for propoganda purposes.
3;in den zwanziger Jahren war er bereits einer der wichtigsten Autoren der Avantgarde in Deutschland und Österreich;A further implication is that Allied provisions for punishment of war criminals will turn out to be empty threats because they find no one to whom the title of war criminal could not be applied.   
4;in den dreißiger und vierziger Jahren erreichte sein Werk genau die gleichen Leser- und Schriftstellerschichten in Frankreich, England und Amerika.;That such claims are not mere propaganda but are supported by very real and fearful facts, we have all learned in the past seven years.
5;Die spezifische Qualität seines Ruhmes änderte sich in keinem Lande und in keinem Jahrzehnt: immer wieder stand die Auflagenhöhe seiner Werke in keinem Verhältnis zu der immer noch anwachsenden Literatur über ihn oder zu dem immer noch sich vertiefenden und verbreiternden Einfluß, den dieses Werk auf die Schriftsteller der Zeit ausübt.;The terror-organizations which were at first strictly separated from the mass of the people, admitting only persons who could show a criminal past or prove their preparedness to become criminals, have since been continually expanded.
6;"Es ist durchaus charakteristisch für die Wirkung der Kafkaschen Prosa, daß die verschiedensten »Schulen« ihn für sich in Anspruch zu nehmen suchen;";The ban on party membership for members of the army has been dissolved by the general order which subordinates all soldiers to the party.
7;es ist, als ob niemand, der sich für »modern« hält, an diesem Werke vorbeigehen könnte, weil hier so offenbar etwas spezifisch Neues am Werk ist, das nirgendwo sonst in der gleichen Intensität und mit der gleichen rücksichtslosen Einfachheit bisher zu Tage getreten ist.;Whereas those crimes which have always been a part of the daily routine of concentration camps since the beginning of the Nazi regime were at first a jealously guarded monopoly of the SS and Gestapo, today members of the Wehrmacht are assigned at will to duties of mass murder.
8;Dies ist sehr überraschend, weil Kafka im Gegensatz zu anderen modernen Autoren sich von allen Experimenten und allen Manierismen fern gehalten hat.;These crimes were at first kept secret by every possible means and any publication of such reports was made punishable as atrocity propaganda.
9;Seine Sprache ist klar und einfach wie die Sprache des Alltags, nur gereinigt von Nachlässigkeit und Jargon.;Later, however, such reports were spread by Nazi-organized whispering campaigns and today these crimes are openly proclaimed under the title of “measures of liquidation” in order to force “Volksgenossen” whom difficulties of organization made it impossible to induct into the “Volksgemeinschaft” of crime at least to bear the onus of complicity and awareness of what was going on.
10;Zu der unendlichen Vielfalt möglicher Sprachstile verhält sich das Kafkasche Deutsch wie Wasser sich verhält zu der unendlichen Vielfalt möglicher Getränke.;These tactics resulted in a victory for the Nazis, as the Allied abandoned the distinction between Germans and Nazis.
11;"Seine Prosa scheint durch nichts Besonderes ausgezeichnet, sie ist nirgends in sich selbst bezaubernd oder betörend;";In order to appreciate the decisive change of political conditions in Germany since the lost battle of Britain, one must note that until the war and even until the first military defeats only relatively small groups of active Nazis, among whom not even the Nazi sympathizers were included, and equally small numbers of active anti-Fascists really knew what was going on.
12;sie ist vielmehr reinste Mitteilung und ihr einziges Charakteristikum ist, daß - sieht man genauer zu - es sich immer wieder herausstellt, daß man dies Mitgeteilte einfacher und klarer und kürzer keinesfalls hätte mitteilen können.;All others, whether German or non-German, had the natural inclination to believe the statements of an official, universally recognized government rather than the charges of refugees, which, coming from Jews or Socialists, were suspect in any case.
13;Der Mangel an Manieriertheit ist hier fast bis an die Grenze der Stillosigkeit, der Mangel an Verliebtheit in Worte als solche fast bis an die Grenze der Kälte getrieben.;Even of those refugees, only a relatively small proportion knew the full truth and even a smaller fraction was prepared to bear the odium of unpopularity involved in telling the truth.   
14;Kafka kennt keine Lieblingsworte, keine bevorzugten syntaktischen Konstruktionen.;As long as the Nazis expected victory, their terror organizations were strictly isolated from the people and, in time of war, from the army.
15;Das Resultat ist eine neue Art der Vollkommenheit, die von allen Stilen der Vergangenheit gleich weit entfernt zu sein scheint.;The army was not used to commit atrocities and SS troops were increasingly recruited from “qualified” circles of whatever nationality.
16;Es gibt in der Geschichte der Literatur kaum ein überzeugenderes Beispiel für die Verkehrtheit der Theorie vom »verkannten Genie« als die Tatsache des Kafkaschen Ruhmes.;If the planned New Order of Europe should have succeeded, we would have been witnesses of an inter-European organization of terror under German leadership.
17;In diesem Werk gibt es nicht eine Zeile und nicht eine einzige Geschichts-Konstruktion, die dem Leser, so wie er sich im Verlauf des vorigen Jahrhunderts herausgebildet hat, in seiner Suche nach »Unterhaltung und Belehrung« (Broch) entgegenkäme.;The terror would have been exercised by members of all European nationalities with the exception of Jews in an organization graded according to the racial classification of the various countries.
18;Das einzige, was den Leser in Kafkas Werk lockt und verlockt, ist die Wahrheit selbst, und diese Verlockung ist Kafka in seiner stil-losen Vollkommenheit -- jeder »Stil« würde durch seinen eigenen Zauber von der Wahrheit ablenken -- bis zu dem unglaublichen Grade geglückt, daß seine Geschichten auch dann in Bann schlagen, wenn der Leser ihren eigentlichen Wahrheitsgehalt erst einmal nicht begreift.;The German people, of course, would not have been spared by it.
19;Kafkas eigentliche Kunst besteht darin, daß der Leser eine unbestimmte, vage Faszination, die sich mit der unausweichlich klaren Erinnerung an bestimmte, erst scheinbar sinnlose Bilder und Begebenheiten paart, so lange aushält und sie so entscheidend in sein Leben mitnimmt, daß ihm irgendwann einmal, auf Grund irgendeiner Erfahrung plötzlich die wahre Bedeutung der Geschichte sich enthüllt mit der zwingenden Leuchtkraft der Evidenz.   ;Himmler was always of the opinion that authority in Europe should be in the hands of a racial “élite,” organized in SS troops without national ties.  
20;Der Prozeß, über den eine kleine Bibliothek von Auslegungen in den zwei Jahrzehnten, die seit seinem Erscheinen verstrichen sind, veröffentlicht worden ist, ist die Geschichte des Mannes K., der angeklagt ist, ohne zu wissen, was er getan hat, dem ein Prozeß gemacht wird, ohne daß er herausfinden kann, nach welchen Gesetzen der Prozeß und das Urteil gehandhabt werden, und der schließlich hingerichtet wird, ohne je erfahren zu haben, worum es sich eigentlich gehandelt hat.;It was only their defeats which forced the Nazis to abandon this concept and pretend to return to old nationalist slogans.
21;Auf der Suche nach dem wahren Grund dieser Begebenheit findet er erst einmal heraus, daß hinter seiner Verhaftung »eine große Organisation sich befindet.;The active identification of the whole German people with the Nazis was part of this trend.
22;Eine Organisation, die nicht nur bestechliche Wächter, läppische Aufseher und Untersuchungsrichter, die günstigsten Falles bescheiden sind, beschäftigt, sondern die weiterhin jedenfalls eine Richterschaft hohen und höchsten Grades unterhält, mit dem zahllosen, unumgänglichen Gefolge von Dienern, Schreibern, Gendarmen und anderen Hilfskräften, vielleicht sogar Henkern...;National Socialism’s chances of organizing an underground movement in the future depend on no one’s being able to know any longer who is a Nazi and who is not, on there being no visible signs of distinction any longer, and above all on the victorious powers’ being convinced that there really are no differences between Germans.
23;Und der Sinn dieser großen Organisation...?;To bring this about, an intensified terror in Germany, which proposed to leave no person alive whose past or reputation proclaimed him an anti-Fascist, was necessary.
24;Er besteht darin, daß unschuldige Personen verhaftet werden und gegen sie ein sinnloses und meistens, wie in meinem Fall, ergebnisloses Verfahren eingeleitet wird«.;In the first years of the war the regime was remarkably “magnanimous” to its opponents, provided they remained peaceful.
25;Als K. merkt, daß solche Verfahren trotz ihrer Sinnlosigkeit nicht unbedingt ergebnislos zu verlaufen brauchen, nimmt er sich einen Rechtsanwalt, der ihm in langen Reden auseinandersetzt, auf welche Weise man sich den bestehenden Zuständen anpassen kann und wie unvernünftig es sei, sie zu kritisieren.;Of late, however, countless persons have been executed even though, for the reason that for years there has been no freedom of movement, they could not constitute any immediate danger to the regime.
26;K., der sich nicht fügen will und seinen Advokaten entläßt, trifft mit dem Gefängnisgeistlichen zusammen, der ihm die verborgene Größe des Systems predigt und ihm anrät, nicht mehr nach der Wahrheit zu fragen, denn »man muß nicht alles für wahr halten, man muß es nur für notwendig halten«.;On the other hand, prudently foreseeing that in spite of all precautionary measures the Allies might still find a few hundred persons in each city with an irreproachable anti-Fascist record-testified to by former war prisoners or foreign laborers, and supported by records of imprisonment or concentration camp internment-the Nazis have already provided their own trusted cohorts with similar documentation and testimony, making these criteria worthless.
27;Mit anderen Worten, wenn der Advokat sich nur bemühte zu demonstrieren:;Thus in the case of inmates of concentration camps (whose number nobody knows precisely, but which is estimated at several million), the Nazis can safely either liquidate them or let them escape: in the improbable event of their survival (a massacre of the type which occurred in Buchenwald is not even punishable under the war crimes provisions)-it will not be possible to identify them unmistakably.  
28;So ist die Welt, hat der von dieser Welt angestellte Geistliche die Aufgabe zu erweisen:;Whether any person in Germany is a Nazi or an anti-Nazi can be determined only by the One who knows the secrets of the human heart, which no human eye can penetrate.
29;Dies ist die Weltordnung.;Those, at any rate, those who actively organize an anti-Nazi underground movement in Germany today-and there are such persons in Germany, of course-would meet a speedy death if they failed to act and talk precisely like Nazis.
30;Und da K. dies für eine »trübselige Meinung« hält und erwidert:;In a country where a person attracts immediate attention by failing either to murder upon command or to be a ready accomplice of murderers, this is no light task.
31;"»Die Lüge wird zur Weltordnung gemacht«, ist es klar, daß er seinen Prozeß verlieren wird;";The most extreme slogan which this war has evoked among the Allies, that the only “good German” is a “dead German,” has this much basis in fact: the only way in which we can identify an anti-Nazi is when the Nazis have hanged him.
32;da andererseits dies nicht »sein Endurteil« war und er versuchte, die »ungewohnten Gedankengänge« als »unwirkliche Dinge«, die ihn im Grunde nichts angingen, abzuweisen, verliert er nicht nur den Prozeß, sondern verliert ihn auf eine schmähliche Weise, so daß er schließlich der Hinrichtung nichts entgegenzusetzen hat als seine Scham.;There is no other reliable token.  
33;Die Macht der Maschine, die K. ergreift und umbringt, ist nichts anderes als Schein der Notwendigkeit, der sich realisieren kann durch die Bewunderung der Menschen für Notwendigkeit.;II  
34;Die Maschine kommt in Gang, weil Notwendigkeit für etwas Erhabenes gehalten wird und weil ihr Automatismus, der nur von Willkür unterbrochen wird, für das Sinnbild der Notwendigkeit genommen wird.;These are the real political conditions which underlie the charge of the collective guilt of the German people.
35;Die Maschine wird in Gang gehalten durch die Lügen um der Notwendigkeit willen, so daß in voller Konsequenz ein Mann, der sich nicht dieser »Weltordnung«, dieser Maschinerie unterwerfen will, als Verbrecher gegen eine Art göttlicher Ordnung angesehen wird.;"They are the consequences of a policy which, in the deepest sense, is a- and anti-national; which is utterly determined that there shall be a German people only if it is in the power of its present rulers; and which will rejoice as at its greatest victory if the defeat of the Nazis involves with it the physical destruction of the German people."
36;Solche Unterwerfung ist dann erreicht, wenn die Frage nach Schuld und Unschuld völlig verstummt und an ihre Stelle die Entschlossenheit getreten ist, die von der Willkür befohlene Rolle im Spiel der Notwendigkeit zu spielen.;The totalitarian policy, which has completely destroyed the neutral zone in which the daily life of human beings is ordinarily lived, has achieved the result of making the existence of each individual in Germany depend either upon committing crimes or on complicity in crimes.
37;Im Falle des Prozeß wird die Unterwerfung nicht durch Gewalt erreicht, sondern einfach durch das wachsende Schuldgefühl, das die unbegründete leere Anschuldigung im angeklagten K. erweckt.;The success of Nazi propaganda in Allied countries, as expressed in the attitude commonly called Vansittartism, is a secondary matter in comparison.
38;Dieses Gefühl beruht natürlich letzten Endes auf der Tatsache, daß kein Mensch frei von Schuld ist.;It is a product of general war propaganda, and something quite apart from the specific modern political phenomenon described above.
39;"Im Falle des K., der, ein vielbeschäftigter Bankbeamter, nie Zeit gehabt hat, über solche Allgemeinheiten sich den Kopf zu zerbrechen, wird dies Schuldgefühl zum eigentlichen Verhängnis;";All the documents and pseudo-historical demonstrations of this tendency sound like relatively innocent plagiarism of the French literature of the last war-and it makes no essential difference that a few of those writers who twenty-five years ago kept the presses rolling with their attacks on “perfidious Albion” have now placed their experience at the Allies’ disposal.  
40;es führt ihn nämlich in jene Verwirrung, in welcher er das organisierte und bösartige Übel seiner Umwelt verwechselt mit dem Ausdruck jener allgemein menschlichen Schuld, die harmlos und eigentlich unschuldig ist verglichen mit dem bösen Willen, der »die Lüge zur Weltordnung« macht und für diese Weltordnung selbst des Menschen berechtigte Demut brauchen und mißbrauchen kann.;
41;Das Funktionieren der bösartig bürokratischen Maschine, in die der Held unschuldig sich verfangen hat, wird also begleitet durch eine innere Entwicklung, welche durch das Schuldgefühl ausgelöst worden ist.;But even the best-intended discussions between the defenders of the “good Germans” and the accusers of the “bad” not only miss the essence of the question, but also plainly fail to apprehend the magnitude of the catastrophe.
42;In dieser Entwicklung wird er »erzogen«, verändert und gebildet, bis er in die Rolle, die ihm zugemutet wurde, hereinpaßt und befähigt ist, in der Welt der Notwendigkeit, der Ungerechtigkeit und der Lüge schlecht und recht mitzuspielen.;Either they are betrayed into trivial general comments on good and bad people, and into a fantastic over-estimation of the power of education, or they simply adopt an inverted version of Nazi racial theory.
43;Dies ist seine Art, sich den herrschenden Zuständen anzupassen.;There is a certain danger in all this only because, since Churchill’s famous statement on the subject, the Allies have refrained from fighting an ideological war and have thus unconsciously given an advantage to the Nazis (who, without regard to Churchill, are organizing their defeat ideologically) and a chance of survival to all racial theories.   
44;Die innere Entwicklung des Helden und das Funktionieren der Maschine treffen schließlich in der letzten Szene der Hinrichtung zusammen, als K. sich ohne Sträuben, ja ohne Widerrede abführen und töten läßt.;The true problem however is not to prove what is self-evident, namely, that Germans have not been potential Nazis ever since Tacitus’ times, nor what is impossible, that all Germans harbor Nazi views.
45;Um der Notwendigkeit willen wird er ermordet, um der Notwendigkeit willen und in der Verwirrung des Schuldbewußtseins unterwirft er sich.;It is, rather, to consider how to conduct ourselves and how to bear the trial of confronting a people among whom the boundaries dividing criminals from normal persons, the guilty from the innocent, have been so completely effaced that nobody will be able to tell in Germany whether in any case he is dealing with a secret hero or with a former mass murderer.
46;Und die einzige Hoffnung, die am äußersten Ende der Romanhandlung blitzartig auftaucht, ist: »Es war als sollte die Scham ihn überleben.«;In this situation we will not be aided either by a definition of those responsible, nor by the punishment of “war criminals.”
47;Die Scham nämlich, daß dies die Weltordnung ist und er, Josef K., wenn auch als ihr Opfer, ein gehorsames Glied derselben.;Such definitions by their very nature can apply only to those who not only took responsibility upon themselves, but also produced this whole inferno-and yet strangely enough are still not to be found on the lists of war criminals.
48;Daß der Prozeß eine Kritik der bürokratischen Regierungsform des alten Österreich impliziert, dessen zahlreiche und sich bekämpfende Nationalitäten durch eine uniforme Beamtenhierarchie regiert wurden, wurde gleich bei Erscheinen des Romans erkannt.;The number of those who are responsible and guilty will be relatively small.
49;Kafka, Angestellter einer Arbeitsversicherungsgesellschaft und Freund osteuropäischer Juden, denen er die Aufenthaltserlaubnis in Österreich zu verschaffen hatte, kannte die politischen Zustände seines Landes sehr genau.;There are many who share responsibility without any visible proof of guilt.
50;Er wußte, daß, hatte sich einer erst einmal in den Maschen des bürokratischen Apparates verfangen, er auch schon verurteilt war.;There are many more who have become guilty without being in the least responsible.
51;Die Herrschaft der Bürokratie brachte es mit sich, daß die Auslegung des Gesetzes zum Instrument der Gesetzlosigkeit wurde, wobei die chronische Aktionsunfähigkeit der Gesetzinterpreten durch einen an sich sinnlosen Automatismus in der niederen Beamtenhierarchie kompensiert wurde, dem alle eigentlichen Entscheidungen überlassen waren.;Among the responsible in a broader sense must be included all those who continued to be sympathetic to Hitler as long as it was possible, who aided his rise to power, and who applauded him in Germany and in other European countries.
52;Da aber in den zwanziger Jahren, als der Roman zum ersten Mal erschien, das eigentliche Wesen der Bürokratie in Europa noch nicht hinlänglich bekannt war, beziehungsweise nur einer verschwindend kleinen Schicht von europäischen Menschen wirklich zum Verhängnis geworden war, schien das Entsetzen und der Schrecken, die im Roman zum Ausdruck kommen, unerklärlich, seinem eigentlichen Inhalt gleichsam nicht adäquat.;Who would dare to brand all these ladies and gentlemen of high society as war criminals?
53;Man erschrak mehr vor dem Roman als vor der Sache selbst.;And as a matter of fact they really do not deserve such a title.
54;So begann man nach anderen, scheinbar tieferen Auslegungen zu suchen und fand sie, der Mode der Zeit folgend, in einer kabbalisierenden Darstellung religiöser Realitäten, gleichsam einer satanischen Theologie.;Unquestionably they have proved their inability to judge modern political groupings, some of them because they regarded all principles in politics as moralistic nonsense, others because they were affected by a romantic predilection for gangsters whom they confused with “pirates” of an older time.
55;Daß solche Irrtümer möglich waren -- und dies Mißverständnis ist nicht weniger fundamental, wenn auch weniger vulgär, als das Mißverständnis der psychoanalytischen Auslegungen Kafkas --, liegt natürlich im Werke Kafkas selber.;Yet these people, who were co-responsible for Hitler’s crimes in a broader sense, did not incur any guilt in a stricter sense.
56;Kafka beschreibt wirklich eine Gesellschaft, die sich für die Stellvertretung Gottes auf Erden hält und schildert Menschen, welche die Gesetze solch einer Gesellschaft als göttliche Gebote betrachten -- unwandelbar durch menschlichen Willen.;They, who were the Nazis’ first accomplices and their best aides, truly did not know what they were doing nor with whom they were dealing.  
57;Das Böse der Welt, in die Kafkas Helden sich verstricken, ist gerade ihre Vergottung, ihre Anmaßung, eine göttliche Notwendigkeit darzustellen.;The extreme horror with which particularly persons of good will react whenever the case of Germany is discussed is not evoked by those irresponsible co-responsibles, nor even by the particular crimes of the Nazis themselves.
58;Kafka ist darauf aus, diese Welt zu zerstören, indem er ihre scheußliche Struktur überdeutlich nachzeichnet und so Wirklichkeit und Anspruch einander gegenüberstellt.;It is rather the product of that vast machine of administrative mass murder, in whose service not only thousands of persons, not even scores of thousands of selected murderers, but a whole people could be and was employed:
59;Aber der Leser der zwanziger Jahre, bezaubert von Paradoxen, verwirrt von dem Spiel der Gegensätze als solchen, wollte auf Vernunft nicht hören.;In that organization which Himmler has prepared against the defeat, everyone is either an executioner, a victim, or an automaton, marching onward over the corpses of his comrades-chosen at first out of the various storm troop formations and later from any army unit or other mass organization.
60;Seine Auslegungen von Kafka offenbarten mehr über ihn selbst als über Kafka;That everyone, whether or not he is directly active in a murder camp, is forced to take part in one way or another in the workings of this machine of mass murder-that is the horrible thing.
61;in seiner naiven Bewunderung einer Welt, die Kafka in solcher Überdeutlichkeit als unerträglich scheußlich dargestellt hatte, enthüllte er seine eigene Eignung für die »Weltordnung«, enthüllte er, wie eng die sogenannte Elite und Avantgarde dieser Weltordnung verbunden waren.;For systematic mass murder-the true consequence of all race theories and other modern ideologies which preach that might is right-strains not only the imagination of human beings, but also the framework and categories of our political thought and action.
62;Die sarkastisch-bittere Bemerkung Kafkas über die verlogene Notwendigkeit und das notwendige Lügen, die zusammen die »Göttlichkeit« dieser Weltordnung ausmachen, und welche so deutlich den eigentlichen Schlüssel zu der Konstruktion der Romanhandlung darstellt, wurde einfach übersehen.   ;Whatever the future of Germany, it will not be determined by anything more than the inevitable consequences of a lost war-consequences which in the nature of the case are temporary.
63;"Kafkas zweiter großer Roman, Das Schloß, führt uns in die gleiche Welt, die aber diesmal nicht durch die Augen eines Menschen gesehen wird, der sich um seine Regierung und andere Fragen allgemeiner Natur nie gekümmert hat und daher hilflos dem Schein der Notwendigkeit ausgeliefert ist;";There is no political method for dealing with German mass crimes, and the destruction of seventy or eighty million Germans, or even their gradual death through starvation (of which, of course, nobody except a few psychotic fanatics dream), would simply mean that the ideology of the Nazis had won, even if power and the rights of might had fallen to other peoples.  
64;sondern durch die Augen eines anderen K., der aus freiem Willen zu ihr kommt, als Fremder, und in ihr ein bestimmtes Vorhaben ausführen will: sich niederlassen, ein Mitbürger werden, sich sein Leben aufbauen, heiraten, Arbeit finden, kurz ein nützliches Mitglied der menschlichen Gesellschaft werden.;Just as there is no political solution within human capacity for the crime of administrative mass murder, so the human need for justice can find no satisfactory reply to the total mobilization of a people for that purpose.
65;Das Charakteristische für die Handlung im Schloß ist, daß der Held nur an dem Allerallgemeinsten interessiert ist und nur um Dinge kämpft, die eigentlich dem Menschen von Geburt garantiert scheinen.;Where all are guilty, nobody in the last analysis can be judged.
66;Aber während er nicht mehr verlangt als das Minimum menschlicher Existenz, wird doch gleich zu Beginn klar, daß er dies Minimum als Recht verlangt und nichts weniger als sein Recht akzeptieren wird.;For that guilt is not accompanied by even the mere appearance, the mere pretense of responsibility.
67;"Er ist bereit, alle nötigen Eingaben zu machen, um die Aufenthaltserlaubnis zu bekommen, aber als Gnadengeschenk will er sie nicht;";
68;er ist bereit, seinen Beruf zu wechseln, aber auf »geregelte Arbeit« kann er nicht verzichten.;So long as punishment is the right of the criminal-and this paradigm has for more than two thousand years been the basis of the sense of justice and right of Occidental man-guilt implies the consciousness of guilt, and punishment evidence that the criminal is a responsible person.
69;All dies hängt von den Entscheidungen des Schlosses ab, und die Schwierigkeiten K.s beginnen, als sich herausstellt, daß das Schloß Rechte nur als Gnadengeschenke vergibt oder als Vorrechte.;How it is in this matter has been well described by an American correspondent, in a story whose dialogue is worthy of the imagination and creative power of a great poet.   
70;Und da K. Recht will und nicht Vorrechte, Mitbürger der Dorfbewohner werden und »möglichst weit den Herren vom Schloß entrückt« sein möchte, lehnt er beides ab, das Gnadengeschenk und die auszeichnenden Beziehungen zum Schloß: so, hofft er, werden »sich ihm gewiß mit einem Schlage alle Wege erschließen, die ihm, wenn es nur auf die Herren oben und ihre Gnade angekommen wäre, für immer nicht nur versperrt, sondern unsichtbar geblieben wären«.;Q. Did you kill people in the camp?
71;An dieser Stelle treten die Dorfbewohner in das Zentrum der Handlung.;"A. Yes. 	 "
72;Sie sind erschreckt, daß K. einfach einer der ihren werden will, ein einfacher »Dorfarbeiter«, daß er es ablehnt, ein Glied der herrschenden Gesellschaft zu werden.;Q. Did you poison them with gas?
73;Wieder und wieder suchen sie ihm klar zu machen, daß es ihm an allgemeiner Welt- und Lebenserfahrung fehle, daß er nicht wisse, wie es um das Leben bestellt sei, das nämlich wesentlich von Gnade und Ungnade abhänge, Segen oder Fluch sei, und daß kein wirklich wichtiges und entscheidendes Ereignis verständlicher oder weniger zufällig sei als Glück und Unglück.;"A. Yes. 	 "
74;K. will nicht verstehen, daß für die Dorfbewohner auch Recht und Unrecht, beziehungsweise im Recht oder im Unrecht sein, noch Teil des Schicksals ist, das man hinzuzunehmen hat, das man erfüllen kann aber nicht ändern.;Q. Did you bury them alive?
75;Von hier ab erscheint die Fremdheit des zugereisten Landvermessers K., der kein Dorfbewohner ist und kein Schloßbeamter und daher außerhalb der Herrschaftsverhältnisse der ihn umgebenden Welt steht, erst in ihrer eigentlichen Bedeutung.;"A. It sometimes happened. 	 "
76;In seinem Insistieren auf den Menschenrechten erweist sich der Fremde als der einzige, der noch einen Begriff von einem einfach menschlichen Leben in der Welt hat.;Q. Were the victims picked from all over Europe?
77;Die spezifische Welterfahrung der Dorfbewohner hat sie gelehrt, all dies, Liebe und Arbeit und Freundschaft, als eine Gabe anzusehen, die sie »von oben«, aus den Regionen des Schlosses empfangen mögen, deren sie selbst aber keinesfalls mehr Herr sind.;"A. I suppose so. 	 "
78;So haben sich die einfachsten Beziehungen ins geheimnisvoll Dunkle gehüllt, was im Prozeß die Weltordnung war, tritt hier als Schicksal auf, als Segen oder Fluch, dem man sich mit Furcht und Ehrfurcht interpretierend unterwirft.;Q. Did you personally help kill people?
79;K.s Vorsatz, sich auf einem Rechtsboden selbst das zu schaffen und zu verschaffen, was zu einem menschlichen Leben gehört, wirkt daher keineswegs als selbstverständlich, sondern ist in dieser Welt ganz und gar eine Ausnahme, und als solche ein Skandal.;A. Absolutely not.
80;K. wird darum gezwungen, für ein Minimum menschlicher Forderungen so zu kämpfen, als wäre in ihnen ein wahnwitziges Maximum menschlicher Wünsche überhaupt beschlossen, und die Dorfbewohner rücken von ihm ab, weil sie in seinem Verlangen nur eine alles und alle bedrohende Hybris zu vermuten vermögen.;"I was only paymaster in the camp. 	 "
81;K. ist ihnen fremd, nicht weil er der Menschenrechte als Fremder beraubt ist, sondern weil er kommt und sie verlangt.;Q. What did you think of what was going on?
82;Trotz der Furcht der Dorfbewohner, die jeden Augenblick eine Katastrophe für K. befürchten, passiert ihm eigentlich gar nichts.;"A. It was bad at first but we got used to it. 	 "
83;Er erreicht allerdings auch nichts, und der nur mündlich von Kafka mitgeteilte Schluß sah seinen Tod aus Erschöpfung - also einen völlig natürlichen Tod - vor.;Q. Do you know the Russians will hang you?
84;"Das Einzige, was K. erreicht, erreicht er ohne Absicht;";A. (Bursting into tears)
85;es gelingt ihm, nur durch seine Haltung und seine Beurteilung der um ihn herum vorgehenden Dinge, einigen der Dorfbewohner die Augen zu öffnen:;Why should they?
86;»Du hast einen erstaunlichen Überblick...;What have I done?     
87;manchmal hilfst du mir mit einem Wort, es ist wohl, weil du aus der Fremde kommst.;Really he had done nothing.
88;Wir dagegen, mit unsern traurigen Erfahrungen und fortwährenden Befürchtungen erschrecken ja, ohne uns dagegen zu wehren, schon über jedes Knacken des Holzes, und wenn der eine erschrickt, erschrickt auch gleich der andere und weiß nun nicht einmal den richtigen Grund.;He had only carried out orders and since when has it been a crime to carry out orders?
89;Auf solche Weise kann man zu keinem richtigen Urteil kommen...;Since when has it been a virtue to rebel?
90;Was für ein Glück ist es für uns, daß du gekommen bist.;Since when could one only be decent by welcoming death?
91;« K. wehrt sich gegen diese Rolle;What then had he done?  
92;"er ist nicht als »Glücksbringer« gekommen, er hat keine Zeit und keine überflüssige Kraft, um andern zu helfen;";In his play, “The Last Days of Mankind” about the last war, Karl Kraus rang down the curtain after Wilhelm II had cried, “I did not want this.”
93;wer solches von ihm geradezu verlangt, »verwirrte seine Wege«Mitgeteilt im Anhang der dritten Ausgabe des »Schlosses«, New York 1946.;
94;Er will nichts als sein eigenes Leben in Ordnung bringen und in Ordnung halten.;And the horribly comic part of it was that this was the fact.
95;Da er im Verfolg dieses Vorhabens, anders als der K. des Prozeß, sich nicht dem scheinbar Notwendigen unterwirft, wird nicht Scham, sondern Erinnerung der Dorfbewohner ihn überleben.   ;When the curtain falls this time, we will have to listen to a whole chorus calling out, “We did not do this.”
96;Kafkas Welt ist zweifellos eine furchtbare Welt.;And even though we shall no longer be able to appreciate the comic element, the horrible part of it will still be that this is the fact.   
97;Daß sie mehr als ein Albtraum ist, daß sie vielmehr strukturell der Wirklichkeit, die wir zu erleben gezwungen wurden, unheimlich adäquat ist, wissen wir heute vermutlich besser als vor zwanzig Jahren.;III  
98;Das Großartige dieser Kunst liegt darin beschlossen, daß sie heute noch so erschütternd wirken kann wie damals, daß der Schrecken der Strafkolonie durch die Realität der Gaskammern nichts an Unmittelbarkeit eingebüßt hat.;In trying to understand what were the real motives which caused people to act as cogs in the mass murder machine, we shall not be aided by speculations about German history and the so-called German national character, of whose potentialities those who knew Germany most intimately had not the slightest idea fifteen years ago.
99;Wäre Kafkas Dichtung wirklich nichts als Prophezeiung eines kommenden Schreckens, so wäre sie genau so billig wie alle andern Untergangsprophetien, mit denen wir seit Beginn unseres Jahrhunderts oder vielmehr seit dem Drittel des 19. Jahrhunderts heimgesucht worden sind.;There is more to be learned from the characteristic personality of the man who can boast that he was the organizing spirit of the murder.
100;Charles Péguy, der selbst oft die zweifelhafte Ehre gehabt hat, unter die Propheten gerechnet zu werden, bemerkte einmal: »Der Determinismus, sofern er überhaupt vorgestellt werden kann, ist vielleicht nichts anderes als das Gesetz der Rückstände.;Heinrich Himmler is not one of those intellectuals stemming from the dim No Man’s Land between the Bohemian and the Pimp, whose significance in the composition of the Nazi élite has been repeatedly stressed of late.
101;Hierin liegt eine sehr präzise Wahrheit.;He is neither a Bohemian like Goebbels, nor a sex criminal like Streicher, nor a perverted fanatic like Hitler, nor an adventurer like Goering.
102;Insofern Leben ohnehin unausweichlich und natürlicherweise vom Tod beschlossen wird, kann sein Ende allerdings immer vorausgesagt werden.;"He is a “bourgeois” with all the outer aspect of respectability, all the habits of a good paterfamilias who does not betray his wife and anxiously seeks to secure a decent future for his children; and he has consciously built up his newest terror organization, covering the whole country, on the assumption that most people are not Bohemians nor fanatics, nor adventurers, nor sex maniacs, nor sadists, but, first and foremost jobholders, and good family men.  "
103;Der natürliche Weg ist immer der Weg des Untergangs, und eine Gesellschaft, die sich blind der Notwendigkeit der in ihr selbst beschlossenen Gesetze anheimgibt, kann immer nur untergehen.;
104;Propheten sind notwendigerweise immer Unglückspropheten, weil die Katastrophe immer vorausgesagt werden kann.;It was Péguy, I believe, who called the family man the “grand aventurier du 20e siècle.”
105;Das Wunder ist immer die Rettung und nicht der Untergang;He died too soon to learn that he was also the great criminal of the century.
106;denn nur die Rettung, und nicht der Untergang, hängt von der Freiheit des Menschen ab und seiner Kapazität, die Welt und ihren natürlichen Ablauf zu ändern.;We had been so accustomed to admire or gently ridicule the family man’s kind concern and earnest concentration on the welfare of his family, his solemn determination to make life easy for his wife and children, that we hardly noticed how the devoted paterfamilias, worried about nothing so much as his security, was transformed under the pressure of the chaotic economic conditions of our time into an involuntary adventurer, who for all his industry and care could never be certain what the next day would bring.
107;Der in Kafkas wie unserer Zeit so verbreitete Wahn, daß es die Aufgabe des Menschen sei, sich einem von gleich welchen Mächten vorherbestimmten Prozeß zu unterwerfen, kann den natürlichen Untergang nur beschleunigen, weil in solchem Wahn der Mensch mit seiner Freiheit der Natur und ihrer Untergangstendenz gleichsam zu Hilfe kommt.;The docility of this type was already manifest in the very early period of Nazi “Gleichschaltung.”
108;Die Worte des Gefängniskaplans im Prozeß enthüllen die geheime Theologie und den innersten Glauben der Beamten als Glauben in Notwendigkeit überhaupt, und die Beamten sind letztlich die Funktionäre der Notwendigkeit - als ob es der Funktionäre überhaupt bedürfte, um den Untergang und das Verderben zum Funktionieren     zu bringen.;It became clear that for the sake of his pension, his life insurance, the security of his wife and children, such a man was ready to sacrifice his beliefs, his honor, and his human dignity.
109;Als Funktionär der Notwendigkeit wird der Mensch der höchst überflüssige Funktionär des natürlichen Gesetzes des Vergehens, und da er mehr als Natur ist, erniedrigt er sich dadurch zum Werkzeug aktiver Zerstörung.;It needed only the Satanic genius of Himmler to discover that after such degradation he was entirely prepared to do literally anything when the ante was raised and the bare existence of his family was threatened.
110;Denn so sicher wie ein von Menschen nach menschlichen Gesetzen erbautes Haus verfallen wird, sobald der Mensch es verläßt und seinem natürlichen Schicksal überläßt, so sicher wird die von Menschen erbaute und nach menschlichen Gesetzen funktionierende Welt wieder ein Teil der Natur werden und ihrem katastrophalen Untergang anheimgegeben sein, wenn der Mensch beschließt, selbst wieder ein Teil der Natur zu werden - ein blindes aber mit höchster Präzision arbeitendes Werkzeug der Naturgesetze.;The only condition he put was that he should be fully exempted from responsibility for his acts.
111;Für diesen Sachzusammenhang ist es verhältnismäßig gleichgültig, ob der notwendigkeitsbesessene Mensch an Untergang glaubt oder an Fortschritt.;Thus that very person, the average German, whom the Nazis notwithstanding years of the most furious propaganda could not induce to kill a Jew on his own account (not even when they made it quite clear that such a murder would go unpunished) now serves the machine of destruction without opposition.
112;Wäre Fortschritt wirklich »notwendig«, wirklich ein unvermeidliches, übermenschliches Gesetz, welches alle Zeiten unserer Geschichte gleichermaßen umspannt, und in dessen Netz die Menschheit unentrinnbar gefangen ist, dann könnte man allerdings die Macht und den Gang des Fortschritts nicht besser und exakter beschreiben als in den folgenden Zeilen aus Walter Benjamins Geschichtsphilosophischen Thesen Die »geschichtsphilosophischen Thesen« sind das letzte Werk des Schriftstellers Walter Benjamin, der 1940 an der spanisch-französischen Grenze auf seinem Wege in die zweite Emigration nach Amerika in den Selbstmord getrieben wurde.:;"In contrast to the earlier units of the SS men and Gestapo, Himmler’s over-all organization relies not on fanatics, nor on congenital murderers, nor on sadists; it relies entirely upon the normality of jobholders and family men.  "
113;»Der Engel der Geschichte... hat das Antlitz der Vergangenheit zugewendet.;We need not specially mention the sorry reports about Latvians, Lithuanians, or even Jews who have participated in Himmler’s murder organization in order to show that it requires no particular national character in order to supply this new type of functionary.
114;Wo eine Kette von Begebenheiten vor uns erscheint, da sieht er eine einzige Katastrophe, die unablässig Trümmer auf Trümmer häuft und sie ihm vor die Füße schleudert.;They are not even all natural murderers or traitors out of perversity.
115;Er möchte wohl verweilen, die Toten wecken und das Zerschlagene zusammenfügen.;It is not even certain that they would do the work if it were only their own lives and future that were at stake.
116;Aber ein Sturm weht vom Paradiese her, der sich in seinen Flügeln verfangen hat und so stark ist, daß der Engel sie nicht mehr schließen kann.;They felt (after they no longer needed to fear God, their conscience cleared through the bureaucratic organization of their acts) only the responsibility toward their own families.
117;Dieser Sturm treibt unaufhaltsam in die Zukunft, der er den Rücken kehrt, während der Trümmerhaufen vor ihm zum Himmel wächst.;The transformation of the family man from a responsible member of society, interested in all public affairs, to a “bourgeois” concerned only with his private existence and knowing no civic virtue, is an international modern phenomenon.
118;Das, was wir den Fortschritt nennen, ist dieser Sturm.;The exigencies of our time-“bedenkt den Hunger und die grosse Kaelte in diesem Tale, das von Jammer schallt” (Brecht)-can at any moment transform him into the mob man and make him the instrument of whatsoever madness and horror.
119;Vielleicht ist der beste Beweis dafür, daß Kafka nicht in die Reihe der neueren Weissager gehört, die Tatsache, daß uns beim Lesen seiner grauenhaftesten und grausamsten Geschichten, die doch alle von der Wirklichkeit inzwischen erfüllt wenn nicht übertroffen worden sind, immer noch das Gefühl der Unwirklichkeit überkommt.;Each time society, through unemployment, frustrates the small man in his normal functioning and normal self-respect, it trains him for that last stage in which he will willingly undertake any function, even that of hangman.
120;Da sind seine Helden, die oft nicht einmal einen Namen haben, sondern nur mit Anfangsbuchstaben geführt werden.;A Jew released from Buchenwald once discovered among the SS men who gave him the certificates of release a former schoolmate, whom he did not address but yet stared at.
121;"Aber selbst wenn diese verführerische Anonymität nur dem Zufall der Unvollendetheit der Erzählungen geschuldet wäre -, diese Helden sind keinesfalls wirkliche Menschen, Personen, die wir in der wirklichen Welt treffen könnten;";Spontaneously the man stared at remarked: You must understand, I have five years of unemployment behind me.
122;trotz eingehender Schilderungen fehlen ihnen gerade jene einzelnen und einmaligen Eigenschaften, jene kleinen und oft überflüssigen Charakterzüge, die alle zusammen erst einen wirklichen Menschen ausmachen.;They can do anything they want with me.  
123;"Sie bewegen sich in einer Gesellschaft, in der jedem eine ganz bestimmte Rolle zugewiesen wird, in der jeder durch seinen Beruf gewissermaßen definiert ist; und sie unterscheiden sich von dieser Gesellschaft und nehmen die zentrale Stelle in der Handlung nur dadurch ein, daß sie keinen bestimmten Platz in dieser Welt der Berufstätigen haben, daß ihre Rolle schlechthin unbestimmbar ist.";It is true that the development of this modern type of man, who is the exact opposite of the “citoyen” and whom for lack of a better name we have called the “bourgeois,” enjoyed particularly favorable conditions in Germany.
124;Dies aber heißt, daß auch die Nebenpersonen nicht wirkliche Menschen sind.;Hardly another country of Occidental culture was so little imbued with the classic virtues of civic behavior.
125;Mit Realität im Sinne der realistischen Romane haben diese Erzählungen nichts zu tun.;In no other country did private life and private calculations play so great a role.
126;Wenn die Kafkasche Welt auf diesen der äußeren Wirklichkeit abgelauschten Realitätscharakter des realistischen Romans gänzlich verzichtet, so verzichtet sie vielleicht noch radikaler auf jenen der inneren Wirklichkeit abgelauschten Realitätscharakter des psychologischen Romans.;This is a fact which the Germans in time of national emergency disguised with great success, but never altered.
127;"Die Menschen, unter denen sich die Kafkaschen Helden bewegen, haben keine psychologischen Eigenschaften, weil sie außerhalb ihrer Rollen, außerhalb ihrer Stellungen und Berufe gar nicht existieren; und seine Helden haben keine psychologisch definierbaren Eigenschaften, weil sie von ihrem jeweiligen Vorhaben - dem Gewinnen eines Prozesses, der Erreichung von Aufenthalts- und Arbeitserlaubnis und so weiter - vollkommen und bis zum Rande ihrer Seele ausgefüllt sind.";Behind the facade of proclaimed and propagandized national virtues, such as “love of the Fatherland,” “German courage,” “German loyalty,” etc., there lurked corresponding real national vices.
128;Diese eigenschaftslose Abstraktheit der Kafkaschen Menschen kann leicht verführen, sie für Exponenten von Ideen, für Repräsentanten von Meinungen zu halten, und alle zeitgenössischen Versuche, in das Kafkasche Werk eine Theologie hineinzuinterpretieren, hängen faktisch mit diesem Mißverständnis zusammen.;"There is hardly another country where on the average there is so little patriotism as Germany; and behind the chauvinistic claims of loyalty and courage, a fatal tendency to disloyalty and betrayal for opportunistic reasons is hidden.  "
129;Sieht man sich demgegenüber die Kafkasche Romanwelt unbefangen und ohne vorgefaßte Meinungen an, so wird schnell klar, daß seine Personen gar nicht die Zeit und gar nicht die Möglichkeit haben, individuelle Eigenschaften auszubilden.;"The mob man, however, the end-result of the “bourgeois,” is an international phenomenon; and we would do well not to submit him to too many temptations in the blind faith that only the German mob man is capable of such frightful deeds."
130;"Wenn sich zum Beispiel in Amerika die Frage erhebt, ob der Oberportier des Hotels nicht vielleicht den Helden mit einer anderen Person versehentlich verwechselt hat, so lehnt der Portier diese Möglichkeit mit der Begründung ab, daß, könnte er Leute miteinander verwechseln, er ja nicht mehr Oberportier bleiben könne;";What we have called the “bourgeois” is the modern man of the masses, not in his exalted moments of collective excitement, but in the security (today one should say the insecurity) of his own private domain.
131;sein Beruf besteht ja gerade darin, Menschen nicht miteinander zu verwechseln.;He has driven the dichotomy of private and public functions, of family and occupation, so far that he can no longer find in his own person any connection between the two.
132;Die Alternative ist ganz klar:;When his occupation forces him to murder people he does not regard himself as a murderer because he has not done it out of inclination but in his professional capacity.
133;entweder ist er ein Mensch, behaftet mit der Fehlbarkeit menschlicher Wahrnehmung und Erkenntnis, oder er ist ein Oberportier und hat dann zum mindesten eine Art übermenschlicher Vollkommenheit in dieser seiner Funktion zu prätendieren.;Out of sheer passion he would never do harm to a fly.  
134;Angestellte, die die Gesellschaft zwingt, mit der Präzision der Unfehlbarkeit zu arbeiten, werden darum noch nicht unfehlbar.;If we tell a member of this new occupational class which our time has produced that he is being held to account for what he did, he will feel nothing except that he has been betrayed.
135;"Kafkas Beamte, Angestellte, Arbeiter und Funktionäre sind weit davon entfernt, unfehlbar zu sein;";But if in the shock of the catastrophe he really becomes conscious that in fact he was not only a functionary but also a murderer, then his way out will not be that of rebellion, but suicide-just as so many have already chosen the way of suicide in Germany, where it is plain that there has been one wave of self-destruction after another.
136;aber sie alle handeln unter der Voraussetzung einer übermenschlichen universal-kompetenten Tüchtigkeit.  ;And that too would be of little use to us.   
137;Der Unterschied zwischen der Kafkaschen und der üblichen Romantechnik besteht darin, daß Kafka den ursprünglichen Konflikt eines Funktionärs zwischen seiner Privatexistenz und seiner Funktion nicht mehr beschreibt, daß er sich nicht mehr dabei aufhält zu erzählen, wie das Amt das Privatleben des Betreffenden und Betroffenen aufgefressen hat, oder wie seine private Existenz, seine Familie zum Beispiel, ihn gezwungen hat, unmenschlich zu werden und sich mit seiner Funktion permanent so zu identifizieren, wie sonst nur der Schauspieler sich mit seiner Rolle identifiziert für die kurze Dauer des Spiels.;IV 
138;Kafka konfrontiert uns sofort mit dem Ergebnis einer solchen Entwicklung, denn nur das Ergebnis ist für ihn relevant.;It is many years now that we meet Germans who declare that they are ashamed of being Germans.
139;Das Vorgeben einer universalen Kompetenz, der Schein einer übermenschlichen Tüchtigkeit ist der verborgene Motor, der die Maschinerie der Vernichtung, in welcher Kafkas Helden gefangen sind, bedient und für den reibungslosen Ablauf des in sich Sinnlosen verantwortlich ist.;I have often felt tempted to answer that I am ashamed of being human.
140;Das Hauptthema der Kafkaschen Romane ist der Konflikt zwischen einer Welt, die in der Form einer solchen reibungslos funktionierenden Maschinerie dargestellt ist, und einem Helden, der versucht, sie zu zerstören.;This elemental shame, which many people of the most various nationalities share with one another today, is what finally is left of our sense of international solidarity, and it has not yet found an adequate political expression.
141;Diese Helden wiederum sind nicht einfach Menschen, wie wir ihnen täglich in der Welt begegnen, sondern variierende Modelle eines Menschen überhaupt, dessen einzig unterscheidende Qualität eine unbeirrbare Konzentration auf allgemeinst;"Our fathers’ enchantment with humanity was of a sort which not only light-mindedly ignored the national question; what is far worse, it did not even conceive of the terror of the idea of humanity and of the Judeo-Christian faith in the unitary origin of the human race."
142;Menschliches ist.;It was not very pleasant even when we had to bury our false illusions about “the noble savage,” having discovered that men were capable of being cannibals.
143;Seine Funktion in der Romanhandlung ist immer die gleiche: er entdeckt, daß die Welt und Gesellschaft der Normalität faktisch anormal sind, daß die Urteile der von allen akzeptierten Wohlanständigen faktisch verrückt sind, und daß die Handlungen, welche den Regeln dieses Spiels konform gehen, faktisch alle ruinieren.;Since then peoples have learned to know one another better and learned more and more about the evil potentialities in men.
144;Der Antrieb der Kafkaschen Helden sind nicht irgendwelche revolutionäre Überzeugungen;The result has been that they have recoiled more and more from the idea of humanity and become more susceptible to the doctrine of race, which denies the very possibility of a common humanity.
145;er ist einzig und allein der gute Wille, der, fast ohne es zu wissen oder zu wollen, die geheimen Strukturen dieser Welt bloßlegt.  ;They instinctively felt that the idea of humanity, whether it appears in a religious or humanistic form, implies the obligation of a general responsibility which they do not wish to assume.
146;Der Effekt von Unwirklichkeit und Neuartigkeit in der Kafkaschen Kunst des Erzählens ist hauptsächlich seinem Interesse an diesen verdeckten Strukturen und seiner radikalen Desinteressiertheit an den Fassaden, an den Aspekten und dem rein Phänomenalen der Welt geschuldet.;For the idea of humanity, when purged of all sentimentality, has the very serious consequence that in one form or another men must assume responsibility for all crimes committed by men and that all nations share the onus of evil committed by all others.
147;Es ist darum ganz falsch, Kafka zu den Surrealisten zu zählen.;Shame at being a human being is the purely individual and still non-political expression of this insight.  
148;Während der Surrealist versucht, so viele und widersprechende Aspekte und Ansichten der Wirklichkeit als möglich zu zeigen, erfindet Kafka solche Aspekte völlig frei, verläßt sich hier nie auf die Wirklichkeit, weil sein eigentliches Anliegen nicht Wirklichkeit, sondern Wahrheit ist.;"In political terms, the idea of humanity, excluding no people and assigning a monopoly of guilt to no one, is the only guarantee that one “superior race” after another may not feel obligated to follow the “natural law” of the right of the powerful, and exterminate “inferior races unworthy of survival”; so that at the end of an “imperialistic age” we should find ourselves in a stage which would make the Nazis look like crude precursors of future political methods."
149;Im Gegensatz zu der bei allen Surrealisten so beliebten Technik der Photomontage könnte man Kafkas Technik noch am ehesten mit der Konstruktion von Modellen vergleichen.;To follow a non-imperialistic policy and maintain a non-racist faith becomes daily more difficult because it becomes daily clearer how great a burden mankind is for man.  
150;So wie ein Mann, der ein Haus bauen oder eines Hauses Stabilität beurteilen will, sich einen Grundriß des Gebäudes anfertigen wird, so konstruiert sich Kafka gleichsam die Grundrisse der bestehenden Welt.;Perhaps those Jews, to whose forefathers we owe the first conception of the idea of humanity, knew something about that burden when each year they used to say “Our Father and King, we have sinned before you,” taking not only the sins of their own community but all human offenses upon themselves.
151;Mit einem wirklichen Haus verglichen ist sein Grundriß natürlich etwas sehr »Unwirkliches«;Those who today are ready to follow this road in a modern version do not content themselves with the hypocritical confession, “God be thanked, I am not like that,” in horror at the undreamed-of potentialities of the German national character.
152;aber ohne ihn hätte man das Haus nicht bauen können, ohne ihn kann man die Grundmauern und Pfeiler nicht erkennen, die allein ihm in der wirklichen Welt Bestand verleihen.;Rather, in fear and trembling, have they finally realized of what man is capable-and this is indeed the precondition of any modern political thinking.
153;Aus diesem von der Wirklichkeit her konstruierten Grundriß, dessen Auffindung natürlich sehr viel eher das Ergebnis eines Denkprozesses als einer Sinneserfahrung ist, baut Kafka seine Modelle.;Such persons will not serve very well as functionaries of vengeance.
154;Zu ihrem Verständnis bedarf der Leser der gleichen Einbildungskraft, die am Werke war, als sie entstanden, und er kann dies Verständnis aus der Einbildungskraft her leisten, weil es sich hier nicht um freie Phantasie, sondern um Resultate des Denkens selbst handelt, die als Elemente für die Kafkaschen Konstruktionen benutzt werden.;This, however, is certain: Upon them and only upon them, who are filled with a genuine fear of the inescapable guilt of the human race, can there be any reliance when it comes to fighting fearlessly, uncompromisingly, everywhere against the incalculable evil that men are capable of bringing about.     
155;Zum ersten Male in der Geschichte der Literatur verlangt ein Künstler von seinem Leser das Wirken der gleichen Aktivität, die ihn und sein Werk trägt.;
156;Und diese ist nichts anderes als jene Einbildungskraft, die nach Kant »sehr mächtig (ist) in Schaffung gleichsam einer anderen Natur aus dem Stoffe, den ihr die wirkliche gibt«.;
157;So können auch Grundrisse nur von denen verstanden werden, die fähig und willens sind, sich die Absichten des Architekten und die zukünftigen Aspekte des Gebäudes lebendig vorzustellen.;
158;Es ist diese Anstrengung einer realen Einbildungskraft, die Kafka überall vom Leser verlangt.;
159;Deshalb kann der rein passive Leser, wie er von der Tradition des Romans erzogen und gebildet wurde, und dessen einzige Aktivität in der Identifikation mit einer der Romanfiguren besteht, mit Kafka so wenig anfangen.;
160;Das gleiche gilt für den neugierigen Leser, der aus Enttäuschung über sein eigenes Leben;
161;Umschau hält nach einer Ersatzwelt, in der Dinge geschehen, die in seinem Leben durchaus nicht vorkommen wollen, oder aus echter Wissensbegierde nach Belehrung ausschaut.;
162;Kafkas Erzählungen werden ihn noch mehr enttäuschen als sein eigenes Leben;
163;sie enthalten keinerlei Elemente von Tagträumen, und sie bieten weder Rat, noch Belehrung, noch Trost.;
164;Nur der Leser, der, aus welchen Gründen und in welcher Unbestimmtheit auch immer, selbst auf der Suche nach Wahrheit ist, wird mit Kafka und seinen Modellen etwas anzufangen wissen, und er wird dankbar sein, wenn manchmal auf einer einzigen Seite oder sogar in einem einzigen Satz plötzlich die nackte Struktur ganz banaler Ereignisse sichtbar wird.;
165;Charakteristisch für diese abstrahierende und nur das Wesentliche bestehenlassende Kunst ist die folgende kleine Erzählung, die noch dazu von einer besonders einfachen und häufigen Begebenheit handelt:   ;
166;Eine alltägliche Verwirrung Ein alltäglicher Vorgang: sein Ertragen eine alltägliche Verwirrung.;
167;A. hat mit B. aus H. ein wichtiges Geschäft abzuschließen.;
168;Er geht zur Vorbesprechung nach H., legt den Hin- und Herweg in je zehn Minuten zurück und rühmt sich zu Hause dieser besonderen Schnelligkeit.;
169;Am nächsten Tag geht er wieder nach H., diesmal zum endgültigen Geschäftsabschluß.;
170;Da dieser voraussichtlich mehrere Stunden erfordern wird, geht A. sehr früh morgens fort.;
171;Obwohl aber alle Nebenumstände, wenigstens nach A.s Meinung, völlig die gleichen sind wie am Vortag, braucht er diesmal zum Weg nach H. zehn Stunden.;
172;Als er dort ermüdet abends ankommt, sagt man ihm, daß B., ärgerlich wegen A.s Ausbleiben, vor einer halben Stunde zu A. in sein Dorf gegangen sei und sie sich eigentlich unterwegs hätten treffen müssen.;
173;Man rät A. zu warten.;
174;"A. aber in Angst wegen des Geschäftes macht sich sofort auf und eilt nach Hause. 	";
175;Diesmal legt er den Weg, ohne besonders darauf zu achten, geradezu in einem Augenblick zurück.;
176;Zu Hause erfährt er, B. sei doch schon gleich früh gekommen - gleich nach dem Weggang A.s, ja er habe A. im Haustor getroffen, ihn an das Geschäft erinnert, aber A. habe gesagt, er habe jetzt keine Zeit, er müsse jetzt eiligst fort.;
177;Trotz dieses unverständlichen Verhaltens A.s sei aber B. doch hier geblieben, um auf A. zu warten.;
178;Er habe zwar schon oft gefragt, ob A. nicht schon wieder zurück sei, befinde sich aber noch oben in A.s Zimmer.;
179;Glücklich darüber, B. jetzt noch zu sprechen und ihm alles erklären zu können, läuft A. die Treppe hinauf.;
180;Schon ist er fast oben, da stolpert er, erleidet eine Sehnenzerrung und fast ohnmächtig vor Schmerz, unfähig sogar zu schreien, nur winselnd im Dunkel hört er, wie B. - undeutlich ob in großer Ferne oder knapp neben ihm - wütend die Treppe hinunterstampft und endgültig verschwindet.  ;
181;Kafkas Konstruktionstechnik ist hier fast überdeutlich.;
182;Da sind erst einmal alle wesentlichen Faktoren, die gewöhnlich bei mißglückten Verabredungen ins Spiel kommen:;
183;"Übereifer — A. geht zu früh fort und ist dennoch so hastig, daß er B. auf der Treppe übersieht;";
184;"Ungeduld — A. wird der Weg ungeheuer lang, was zur Folge hat, daß er sich um den Weg mehr kümmert als um sein Ziel, nämlich B. zu treffen;";
185;"Angst und Nervosität — was A. zu der unbedachten Überaktivität des Rückwegs verleitet, wo er doch ruhig die Rückkehr des B. hätte abwarten können;";
186;all dies bereitet schließlich jene wohl bekannte Tücke des Objekts vor, die vollkommenes Mißlingen immer begleitet, und das endgültige Zerfallen des Verärgerten mit der Welt überhaupt anzeigt und besiegelt.;
187;Aus diesen allgemeinen Faktoren, und nicht eigentlich aus dem Erlebnis eines spezifischen Ereignisses, konstruiert Kafka die Begebenheit.;
188;Da keine Wirklichkeit gleichsam mildernd der Konstruktion im Wege steht, können die einzelnen Elemente die ihnen innewohnende komisch-gigantische Größe annehmen, so daß auf den ersten Blick die Geschichte sich wie eine jener phantastischen Münchhausen-Geschichten liest, die Seeleute einander zu erzählen lieben.;
189;Der Eindruck der Übertreibung verschwindet erst, wenn wir die Geschichte nicht mehr als Report einer wirklichen Begebenheit lesen, nicht als den Bericht über irgend ein Ereignis, das durch Verwirrung zustande kam, sondern als das Modell der Verwirrung selbst, dessen grandiose Logik unsere eigenen begrenzten Erfahrungen mit verwirrten Ereignissen gleichsam verzweifelt nachzuahmen versuchen.;
190;Diese überaus kühne Umkehrung von Vorbild und Nachahmung, in der, einer jahrtausendalten Tradition zum Trotz, das Gedichtete plötzlich als Vorbild und die Realität als die zur Rechenschaft gezogene Nachahmung erscheint, ist eine der wesentlichen Quellen des Kafkaschen Humors und macht auch diese Geschichte so unbeschreiblich erheiternd, daß sie einen fast über alle bereits verfehlten und noch zu verfehlenden Verabredungen im Leben hinwegzutrösten vermag.;
191;Denn Kafkas Lachen ist ein unmittelbarer Ausdruck jener menschlichen Freiheit und Unbekümmertheit, die versteht, daß der Mensch mehr ist als sein Scheitern, schon weil er sich eine Verwirrung ausdenken kann, die verwirrter ist als alle wirkliche Konfusion.    ;
192;Aus dem Gesagten dürfte klar sein, daß der Erzähler Kafka kein Romancier im Sinne des klassischen Romans des 19. Jahrhunderts ist.;
193;Die Grundlage des klassischen Romans war ein Lebensgefühl, das die Welt und die Gesellschaft grundsätzlich akzeptierte, das sich dem Leben, so wie es gegeben war, unterwarf und das die Größe des Schicksals als Jenseits von Gut und Böse empfand.;
194;Die Entwicklung des klassischen Romans entsprach dem langsamen Niedergang des citoyen, der in der Französischen Revolution und in der Kantschen Philosophie zum ersten Mal versucht hatte, die Welt mit von Menschen erfundenen Gesetzen zu regieren.;
195;Seine Blüte war begleitet von der vollen Entfaltung des bürgerlichen Individuums, das die Welt und das Leben als einen Schauplatz von Ereignissen betrachtete und das mehr Sensationen und Geschehnisse zu »erleben« wünschte, als der gewöhnlich enge und gesicherte Rahmen seines eigenen Lebens ihm bieten konnte.;
196;Alle diese Romanciers, ob sie realistisch die Welt abmalten oder phantastisch sich andere Welten erträumten, standen in ständiger Konkurrenz mit der Wirklichkeit.;
197;Dieser klassische Roman hat heute in einer besonders in Amerika außerordentlich hoch entwickelten Form des Reportage-Romans geendet, was nur konsequent ist, wenn man bedenkt, daß mit der Realität heutiger Ereignisse und Schicksale wohl keine Phantasie mehr in Konkurrenz zu treten vermag.;
198;Das Pendant zu der ruhigen Sekurität der bürgerlichen Welt, in welcher das Individuum dem Leben seinen ihm zukommenden Anteil abverlangte und dennoch nie ganz genug bekommen konnte an Ereignissen und Sensationen, waren die großen Männer, die Genies und die Ausnahmen, die in den Augen der gleichen bürgerlichen Individuen die herrliche und geheimnisvolle Inkarnation von etwas Übermenschlichem repräsentierten, das man »Schicksal« nennen konnte, wie im Falle Napoleons, oder »Geschichte«, wie im Falle Hegels, oder den Willen Gottes, wie im Falle Kierkegaards, der behauptete, Gott habe an ihm ein Exempel statuieren wollen, oder     »Notwendigkeit«, wie im Falle Nietzsches, der sich »eine Notwendigkeit« nannte.;
199;Die höchste Sensation des Erlebnis-Hungrigen war das Erlebnis des Schicksals selber, und der höchste Typus des Menschen war daher der Mensch, der ein Schicksal, eine Mission, eine Berufung hatte, der er nur diente, beziehungsweise deren Vollzug er war.;
200;Groß war daher nicht mehr eigentlich ein Werk oder eine Leistung;
201;groß wurde der Mensch selbst, nämlich als Inkarnation von etwas Übermenschlichem.;
202;"Genie war nicht mehr eine Gabe der Götter, verliehen an Menschen, die doch deshalb immer noch menschlich blieben;";
203;die gesamte Person wurde eine einzige Verkörperung von Genie und konnte daher nicht länger ein gewöhnlicher Sterblicher sein.;
204;Daß diese Vorstellung vom Genie als einer Art übermenschlichen Monsters durchaus dem 19. Jahrhundert und keiner früheren Epoche eigen war, kann man noch deutlich in Kants Definition des Genies sehen.;
205;"Für ihn ist Genie die Gabe, durch die »Natur der Kunst die Regel vorschreibt«;";
206;"man kann mit dieser Naturkonzeption heute streiten, und man mag meinen, daß im Genie die Menschheit selbst der »Kunst die Regel vorschreibt«;";
207;wesentlich ist hier nur, daß in dieser Definition des 18. Jahrhunderts noch nichts von der leeren Größe, die unmittelbar nach Kant in der Romantik bereits ihr Unwesen trieb, zu spüren ist.;
208;Was Kafka persönlich so modern und zu gleicher Zeit so fremdartig unter seinen Zeitgenossen und in seinem Milieu der Prager und Wiener Literaten erscheinen läßt, ist gerade, daß er so offensichtlich nicht ein Genie oder die Verkörperung irgendeiner objektiven Größe sein wollte und daß er andererseits so leidenschaftlich sich weigerte, sich irgendwelchem Schicksal einfach zu unterwerfen.;
209;Er war in keiner Weise mehr in die Welt verliebt, so wie sie uns gegeben ist, und selbst von der Natur meinte er, daß ihre Überlegenheit über den Menschen nur so lange bestehe, »als ich Euch in Ruhe lasse«.;
210;Ihm ging es um eine mögliche, von Menschen erbaute Welt, in der des Menschen Handlungen von nichts abhängen als von ihm selbst, seiner eigenen Spontaneität, und in der die menschliche Gesellschaft durch von Menschen vorgeschriebene Gesetze regiert wird, und nicht durch geheimnisvolle Mächte, gleich ob sie als höhere oder niedere Mächte interpretiert werden.;
211;Und in einer solchen, nicht mehr erträumten, sondern unmittelbar zu konstruierenden Welt wollte er, Kafka, bei Leibe keine Ausnahme sein, sondern ein Mitbürger, ein »Gemeindemitglied«.;
212;Dies heißt natürlich nicht, daß er, wie manchmal angenommen wird, bescheiden gewesen sei.;
213;Immerhin hat er einmal in seine Tagebücher mit echtem Erstaunen notiert, daß jeder Satz, wie er ihn zufällig niederschreibe, auch schon vollkommen sei - was der einfachen Wahrheit entspricht.;
214;Kafka war nicht bescheiden, sondern demütig.;
215;Um wenigstens im Entwurf Mitbürger einer solchen, von allem blutigen Spuk und mörderischen Zauber befreiten Welt zu werden, - wie er sie versuchsweise in Amerika, dem happy end von Amerika zu beschreiben suchte - mußte er notwendigerweise die Zerstörung der gegenwärtigen Welt antizipieren.;
216;Seine Romane sind eine solche antizipierte Destruktion, durch deren Ruinen er das erhabene Bild des Menschen als eines Modells des guten Willens trägt, der wahrhaft Berge versetzen kann und Welten erbauen, der die Zerstörung aller Fehlkonstruktionen und die Trümmer aller Ruinen ertragen kann, weil ihm die Götter, wenn er nur guten Willens ist, ein unzerstörbares Herz gegeben haben.;
217;Und da diese Kafkaschen Helden nicht wirkliche Personen sind, mit denen es hybrid wäre sich zu identifizieren, da sie nur Modelle sind und belassen in Anonymität, auch wenn sie bei Namen genannt werden, scheint es uns, als sei jeder von uns angerufen und aufgerufen.;
218;Denn dieser, der guten Willens ist, kann irgendeiner sein und jedermann, vielleicht sogar du und ich.     ;
219;Je größer die militärischen Niederlagen der deutschen Armee im Felde werden, desto stärker macht sich der Sieg der politischen Kriegführung der Nazis, die sehr zu Unrecht oft mit bloßer Propaganda identifiziert wird, geltend.;
220;Die zentrale These dieser Kriegführung, die stets sich in gleichem Maße an die »innere Front«, an das deutsche Volk selbst, wie an seine Feinde richtete, hieß, daß es einen Unterschied zwischen Nazis und Deutschen nicht gebe, daß das Volk geschlossen hinter seiner Regierung stehe, daß alle Hoffnungen der Alliierten auf ideologisch nichtinfizierte Teile des Volkes, alle Appelle an ein demokratisches Deutschland der Zukunft Illusion seien.;
221;Die Konsequenz dieser These ist natürlich, daß es eine Teilung der Verantwortung nicht gebe, daß deutsche  Antifaschisten im selben Maße wie deutsche Faschisten von der Niederlage betroffen sein werden und daß die Alliierten Unterschiede zu Beginn des Krieges nur zum Zwecke der Propaganda gemacht hätten.;
222;Die weitere Konsequenz ist, daß die alliierten Bestimmungen über die Bestrafung der Kriegsverbrecher sich als leere Drohungen deshalb erweisen werden, weil man niemanden finden wird, auf den die Definition des Kriegsverbrechers nicht zutrifft.;
223;Daß diese Behauptungen nicht bloße Propaganda sind, sondern sich auf eine sehr reale Unterlage, auf eine furchtbare Wirklichkeit berufen können, haben wir alle zu unserm Schrecken in den letzten Jahren erfahren.;
224;Die Terrorformationen, die ursprünglich von der Masse des Volkes streng geschieden waren und in die nur Leute aufgenommen wurden, die nachweisen konnten, Verbrecher zu sein, oder bereit waren, Verbrecher zu werden, sind ständig erweitert worden.;
225;Das Verbot der Parteizugehörigkeit von Mitgliedern der Armee ist von dem Generalbefehl, der alle Soldaten der Partei unterstellt, abgelöst worden.;
226;Während die Verbrechen, die seit Beginn des Regimes in den Konzentrationslagern zur täglichen Routine gehören, früher ein eifersüchtig gehütetes Monopol der SS und der Gestapo waren, werden zu den Massenmorden heute beliebige Wehrmachtangehörige abkommandiert.;
227;Die Berichte über diese Verbrechen, welche am Anfang möglichst geheim gehalten wurden und deren Veröffentlichung als »Greuelmärchenpropaganda« unter Strafe gestellt war, wurden erst auf dem Wege der von den Nazis selbst inszenierten Flüsterpropaganda verbreitet, und sie werden heute von ihnen völlig offen als Liquidierungsmaßnahmen zugestanden, um diejenigen »Volksgenossen«, welche man aus organisatorischen Gründen nicht hat in die »Volksgemeinschaft« des Verbrechens aufnehmen können, wenigstens in die Rolle der Mitwisser und Komplizen zu drängen.;
228;Die totale Mobilmachung hat in der totalen Komplizität des deutschen Volkes geendet.  ;
229;;
230;Um die entscheidende politische Veränderung der realen Verhältnisse, welche die Nazipropaganda seit dem Verlust der Schlacht um England begleitet und schließlich den Verzicht der Alliierten auf eine Differenzierung zwischen Deutschen und Nazis zur Folge hatte, richtig einzuschätzen, muß man sich vergegenwärtigen, daß bis zum Ausbruch des Krieges, ja bis zum Beginn der militärischen Niederlagen nur die verhältnismäßig kleinen Gruppen aktiver Nazis - zu denen noch nicht einmal die große Zahl der Sympathisierenden gehörte - und die ebenso kleine Anzahl aktiver Antifaschisten über die Vorgänge wirklich Bescheid wußten.;
231;Alle anderen - ob Deutsche oder Nicht-Deutsche - hatten die verständliche Neigung, einer offiziellen, von allen Mächten anerkannten Regierung eher zu glauben als Flüchtlingen, die als Juden oder als Sozialisten ohnehin verdächtig waren.;
232;"Von diesen wiederum kannte auch nur ein verhältnismäßig kleiner Prozentsatz die volle Wahrheit; und es war natürlich ein noch kleinerer Bruchteil, der bereit war, das Odium der Unpopularität auf sich zu nehmen und die Wahrheit zu sagen.";
233;Solange die Nazis sich auf Sieg vorbereiteten, blieben die Terror-Formationen vom Volke, und das heißt im Krieg von der Armee, getrennt.;
234;Die Armee wurde zum Terror nicht herangezogen, und die SS-Truppen wurden in steigendem Maße aus erprobten Leuten gleich welcher Nationalität rekrutiert.;
235;Wäre die berüchtigte Neuordnung Europas geglückt, so hätten wir die Herrschaft einer intereuropäischen Terror-Organisation unter deutscher Führung erlebt.;
236;Der Terror wäre von Angehörigen aller europäischen Nationalitäten - mit Ausnahme der Juden - ausgeübt worden, wäre aber gradmäßig je nach Rassezugehörigkeit der verschiedenen Länder abgestuft worden.;
237;Das deutsche Volk wäre natürlich von ihm nicht verschont geblieben.;
238;Himmler war immer der Meinung, daß die Herrschaft in Europa einer Rassen-Elite, verkörpert in den SS-Truppen, zusteht, welche national nicht gebunden bleiben darf.;
239;Erst die Niederlagen haben die Nazis gezwungen, dies Konzept aufzugeben und scheinbar zu alten nationalistischen Schlagworten zurückzukehren.;
240;Hierzu gehört die aktive Identifikation des gesamten Volkes mit den Nazis.;
241;Die Möglichkeit einer künftigen Untergrundarbeit hängt davon ab, daß niemand mehr wissen kann, wer ein Nazi ist und wer nicht, daß es keinerlei äußere, sichtbare Unterscheidungsmerkmale mehr gibt, daß die Sieger vor allem davon überzeugt werden, daß es Unterschiede unter Deutschen nicht gibt.;
242;Hierfür ist natürlich ein verstärkter Terror in Deutschland notwendig, der nach Möglichkeit keinen Menschen lebendig läßt, dessen Vergangenheit oder dessen Bekanntheit dafür bürgen könnten, daß er ein Anti-Faschist ist.;
243;"Während in den ersten Kriegsjahren die »Großzügigkeit« des Regimes gegen gegenwärtige und ehemalige Gegner, wenn sie sich ruhig verhielten, bemerkenswert war,
";
244;werden neuerdings unzählige Menschen hingerichtet, die, seit Jahren ihrer Freiheit beraubt, eine unmittelbare Gefahr für das Regime nicht bilden können.;
245;Auf der anderen Seite und in weiser Voraussicht, daß man trotz aller Vorsichtsmaßnahmen auf Grund von Aussagen ehemaliger Kriegsgefangener oder fremder Arbeiter, auf Grund von Gefängnis- und Konzentrationslagerstrafen vielleicht doch noch in jeder Stadt ein paar hundert Leute entdecken könnte mit einem einwandfreien antifaschistischen Rekord, haben die Nazis ihre zuverlässigsten Leute bereits mit allen notwendigen Papieren, Leumundszeugen usw. ausgestattet, so daß alle derartigen Aussagen wertlos sein werden.;
246;Die Insassen der Konzentrationslager, deren Zahl niemand genau kennt, die aber auf mehrere Millionen geschätzt werden, kann man entweder »liquidieren« oder laufen lassen - eindeutig erkennbar werden sie erst einmal auch im unwahrscheinlichen Fall ihres Überlebens (ein solches Massaker, wie es bereits in Buchenwald stattgefunden hat, fällt noch nicht einmal unter die Kriegsverbrecherbestimmungen) nicht sein.;
247;Ob jemand in Deutschland ein Nazi oder ein Anti-Nazi ist, wird nur noch der ergründen können, der in das menschliche Herz, in das bekanntlich kein menschlich     Auge dringt, zu blicken vermag.;
248;Die Laufbahn eines Organisators einer Untergrundbewegung, die es natürlich auch in Deutschland gibt, würde ein sofortiges Ende nehmen, wenn er sich nicht in Wort und Tat wie ein Nazi gebärden würde.;
249;In einem Lande, wo jeder auffällt, der nicht entweder auf Befehl mordet oder ein freudiger Komplize von Mördern zu sein vorgibt, ist das keine leichte Sache.;
250;So hat selbst das extremste Schlagwort, das dieser Krieg auf unserer Seite hervorgebracht, daß nur ein »toter Deutscher« ein guter Deutscher sei, noch eine Grundlage in den wirklichen Verhältnissen: erst wenn die Nazis einen gehängt haben, können wir wissen, ob er wirklich gegen sie war.;
251;Einen anderen Beweis gibt es nicht mehr.;
252;II;
253;Dies sind die realen politischen Verhältnisse, die der Behauptung von einer Gesamtschuld des deutschen Volkes zugrunde liegen.;
254;Sie sind das Resultat einer Politik, die wirklich vaterlandslos, wirklich a- und anti-national ist, die völlig konsequent daran festhält, daß es ein deutsches Volk nur geben soll, wenn es in der Macht der augenblicklich Regierenden ist, und die mit höhnischer Genugtuung ihren größten Sieg feiern würde, wenn der Untergang der Nazis die physische Vernichtung des Volkes nach sich ziehen würde.;
255;Die totale Politik, welche die Atmosphäre von Neutralität, in der das tägliche Leben von Menschen sich abspielt, total zerstört hat, hat es erreicht, die private Existenz jedes Individuums auf deutschem Boden davon abhängig zu machen, daß es Verbrechen entweder begeht oder ihr Komplize ist.;
256;Der Propaganda-Erfolg der Nazis in alliierten Ländern, wie er in dem, was gemeinhin mit Vansittartismus bezeichnet wird, zum Ausdruck kommt, ist dem gegenüber ganz sekundär.;
257;Er ist wesentlich Kriegspropaganda und kommt damit den eigentlichen, spezifisch modernen politischen Phänomenen noch nicht einmal nahe.;
258;Seine Schriften mitsamt seiner pseudo-historischen Beweisführung wirken wie unschuldige Plagiate aus der französischen Literatur des vorigen Krieges.;
259;Wobei es denn wirklich gleichgültig ist, daß ein paar der Schreiber, die vor 25 Jahren die Druckerpressen mit dem »perfiden Albion« in Bewegung setzten, ihre Erfahrung diesmal den Alliierten zur Verfügung zu stellen gezwungen waren.;
260;Aber auch die ernsteren Diskussionen zwischen den Advokaten der »guten« und den Anklägern der »bösen« Deutschen reden nicht nur an dem Kern der Sache vorbei, sondern haben offenbar von dem Ausmaße des Verhängnisses kaum eine Vorstellung.;
261;Sie werden entweder in die Trivialität einer allgemeinen Feststellung über gute und böse Menschen und in eine phantastische Überschätzung der »Erziehung« gedrängt, oder sie nehmen ohne weitere Besinnung die Rassen-Theorien der Nazis an und kehren sie um.;
262;Hierin liegt nur deshalb eine gewisse Gefahr, weil die Alliierten sich seit Churchills berühmter Erklärung geweigert haben, einen »ideologischen« Krieg zu führen und daher unwissentlich den Nazis, die unbekümmert um Churchill ihre Niederlage ideologisch organisieren, einen Vorsprung und allen Rassen-Theoremen eine Chance des Überlebens gegeben haben.;
263;Inzwischen geht es weder darum, das Selbstverständliche zu beweisen, nämlich daß Deutsche nicht seit Tacitus’ Zeiten bereits latente Nazis waren, noch das Unmögliche zu demonstrieren, daß alle Deutschen eine nazistische Gesinnung haben, ;
264;"sondern darum, sich zu überlegen, welche Haltung man einnehmen kann, wie man es ertragen kann, sich mit einem Volke konfrontiert zu finden, in welchem die Linie, die Verbrecher von normalen Menschen, Schuldige von Unschuldigen trennt, so effektiv verwischt worden ist, daß morgen niemand in Deutschland wissen wird, ob er es mit einem heimlichen Helden oder einem ehemaligen Massenmörder zu tun hat.""";
265;Vor dieser Situation wird uns weder eine Definition der Verantwortlichen, noch die Verhaftung der »Kriegsverbrecher« schützen.;
266;Dabei kann man von den Hauptschuldigen, welche nicht nur die Verantwortung auf sich genommen, sondern diese ganze Hölle inszeniert haben, ganz absehen.;
267;;
268;Auch die in einem weiteren Sinne Verantwortlichen gehören nicht hierher.;
269;;
270;Denn zu ihnen gehören alle jene, welche in Deutschland und im europäischen Ausland solange wie möglich mit Hitler sympathisiert, seinem Aufstieg zur Macht Vorschub geleistet und sein Renommee innerhalb und außerhalb Deutschlands gefestigt haben.;
271;Und wer würde auch wagen, alle die Herrschaften der guten Gesellschaft als Kriegsverbrecher zu brandmarken?;
272;"Sie sind es wirklich nicht; sie haben zweifellos ihre Unfähigkeit, moderne politische Gruppierungen zu beurteilen, unter Beweis gestellt - die einen, weil sie Prinzipien in der Politik für baren moralisierenden Unsinn hielten, die anderen, weil sie für Gangster, die sie mit »Seeräubern« verwechselten, eine romantische Vorliebe hegten.";
273;;
274;Schuldig im engeren Sinne haben sie, die Verantwortlichen im weiteren Sinne, sich zumeist nicht gemacht.;
275;Sie, die der Nazis erste Komplizen und ihre besten Helfershelfer waren, wußten wahrlich weder, was sie taten, noch mit wem sie es zu tun hatten.;
276;Die ungeheure Erregung, in die nachgerade jeder Mensch guten Willens gerät, wenn die Rede auf Deutschland kommt, hat ihren Grund weder in der Existenz jener verantwortungslos Verantwortlichen, über die vermutlich nur die Geschichte ihr Urteil sprechen wird, noch in den Taten der Nazis selbst.;
277;Sie ist vielmehr erzeugt von jener ungeheuerlichen Maschine des »Verwaltungsmassenmordes«, zu deren Bedienung man nicht Tausende und nicht Zehntausende ausgesuchter Mörder, sondern ein ganzes Volk gebraucht hat und gebrauchen konnte.;
278;In der Organisation, die Himmler für die Niederlage etabliert hat, gibt es nur noch Exekutoren, Opfer und Marionetten, welche über die Leichen ihrer Kameraden, die man früher beliebig aus jeder SA-Kolonne und heute aus jedem Truppenteil und aus jeder anderen Massenformation herausschießen kann, weitermarschieren.;
279;Daß in dieser Mordmaschine jeder auf diese oder jene Weise an einen Platz gezwungen ist, auch wenn er nicht direkt in den Vernichtungslagern tätig ist, macht das Grauen aus.;
280;Denn der systematische Massenmord, der die reale Konsequenz aller Rassentheorien und aller Ideologien von dem »Recht des Stärkeren« in unserer Zeit ist, sprengt nicht nur die Vorstellungskapazität des Menschen, sondern auch den Rahmen und die Kategorien, in welchen politisches Denken und politisches Handeln sich vollziehen.;
281;"Wie auch immer das künftige Schicksal Deutschlands aussehen wird, es wird nie mehr enthalten können als die unseligen Folgen eines verlorenen Krieges; und solche Folgen sind der Natur der Sache nach temporär.";
282;"Eine politische Antwort auf diese Verbrechen gibt es in keinem Fall; denn eine Ausrottung von 70 oder 80 Millionen Deutschen oder auch nur eine langsame Aushungerung, an die natürlich niemand außer ein paar psychotischen Fanatikern denkt, würde auch nur bedeuten, daß die Ideologien der Nazis gesiegt hätten, wenn auch die Macht und das »Recht des Stärkeren«, sie zu praktizieren, auf andere Völker übergegangen sind.";
283;Wie an dem »Verwaltungsmassenmord« der politische Verstand des Menschen still steht, so wird an der totalen Mobilisierung für ihn das menschliche Bedürfnis nach Gerechtigkeit zu schanden.;
284;Wo alle schuldig sind, kann im Grunde niemand mehr urteilen.;
285;Denn dieser Schuld gerade ist auch der bloße Schein, die bloße Heuchelei der Verantwortung genommenDaß die aus Deutschland Geflüchteten, welche entweder das Glück hatten, Juden zu sein oder rechtzeitig von der Gestapo verfolgt zu werden, von dieser Schuld bewahrt worden sind, ist natürlich nicht ihr Verdienst.;
286;Weil sie dies wissen, und weil sie noch nachträglich ein Grauen vor dem Möglichen packt, bringen gerade sie in alle derartigen Diskussionen jenes unerträgliche Element der Selbstgerechtigkeit, das schließlich, bei Juden vor allem, nur in der vulgären Umkehr der Nazi-Doktrinen über sie selbst enden kann und ja auch längst geendet hat..;
287;Solange die Strafe das Recht des Verbrechers ist - und auf diesem Satz beruht seit mehr als zweitausend Jahren das Gerechtigkeits- und das Rechtsempfinden der abendländischen Menschheit -, gehört zur Schuld ein Bewußtsein, schuldig zu sein, gehört zum Strafen eine Überzeugung von der Verantwortungsfähigkeit     des Menschen.;
288;Wie es mit diesem Bewußtsein durchschnittlich bestellt ist, hat ein amerikanischer Korrespondent in einer Geschichte geschildert, deren Frage- und Antwortspiel wohl der Einbildungs- und Gestaltungskraft eines großen Dichters wert wäre:  ;
289;Frage: Habt Ihr Leute im Lager getötet?;
290;"Antwort: Ja. 	";
291;Frage: Habt Ihr sie mit Gas vergiftet?;
292;"Antwort: Ja. 	";
293;Frage: Habt Ihr sie lebendig begraben?;
294;"Antwort: Das kam manchmal vor. 	";
295;Frage: Wurden die Opfer aus ganz Europa aufgegriffen?;
296;"Antwort: Das nehme ich an. 	";
297;Frage: Haben Sie persönlich geholfen, Leute zu töten?;
298;Antwort: Durchaus nicht.;
299;"Ich war nur Zahlmeister im Lager. 	";
300;Frage: Was dachten Sie sich denn bei diesen Vorgängen?;
301;"Antwort: Zuerst war es schlimm, aber wir gewöhnten uns daran. 	";
302;Frage: Wissen Sie, daß die Russen Sie aufhängen werden?;
303;Antwort (in Tränen ausbrechend):;
304;Warum sollten sie das?;
305;Was habe ich denn getan?  ;
306;Er hat in der Tat nichts getan - er hat nur Befehle ausgeführt.;
307;Und seit wann war es ein Verbrechen, Befehle auszuführen?;
308;Seit wann war es eine Tugend zu rebellieren?;
309;Seit wann konnte man nur ehrlich sein, wenn man in den sicheren Tod ging?;
310;Was also hat er getan?  ;
311;In seinem Stück Die letzten Tage der Menschheit, in welchem er die Vorgänge des letzten Krieges darstellte, ließ Karl Kraus den Vorhang fallen, nachdem Wilhelm II. ausgerufen hatte:;
312;»Dies habe ich nicht gewollt.«;
313;Und das komisch Grauenhafte lag darin, daß dies in der Tat stimmte.;
314;Wenn der Vorhang diesmal fallen wird, werden wir einem ganzen Chor von Spießern zu lauschen gezwungen sein, die ausrufen werden: »Dies haben wir nicht getan.«;
315;Und wenn uns auch inzwischen das Lachen vergangen ist, das Grauenhafte wird wieder darin liegen, daß es in der Tat stimmt.;
316;III;
317;Um zu wissen, welches die eigentliche Triebfeder im Herzen der Menschen ist, durch die sie in die Maschine des Massenmords einzuschalten waren, werden uns Spekulationen über deutsche Geschichte und den sogenannten deutschen Nationalcharakter, von dessen Möglichkeiten die besten Kenner Deutschlands vor 15 Jahren noch nicht die leiseste Ahnung hatten, wenig nutzen.;
318;Aufschlußreicher ist die eigentümliche Figur dessen, der sich rühmen kann, das organisatorische Genie des Mordes zu sein.;
319;Heinrich Himmler gehört nicht zu jenen Intellektuellen, welche aus dem dunklen Niemandsland zwischen Boheme- und Fünfgroschen-Jungen-Existenz stammen und auf dessen Bedeutung für die Bildung der Nazi-Elite in neuerer Zeit wiederholt hingewiesen ist.;
320;Er ist weder ein Bohemien wie Goebbels noch ein Sexualverbrecher wie Streicher noch ein pervertierter Fanatiker wie Hitler noch ein Abenteurer wie Goering.;
321;Er ist ein Spießer mit allem Anschein der Respectability, mit allen Gewohnheiten des guten Familienvaters, der seine Frau nicht betrügt und für seine Kinder eine anständige Zukunft sichern will.;
322;Und er hat seine neueste, das gesamte Land umfassende Terror-Organisation bewußt auf der Annahme aufgebaut, daß die meisten Menschen nicht Bohemiens, nicht Fanatiker,     nicht Abenteurer, nicht Sexualverbrecher und nicht Sadisten sind, sondern in erster Linie ›jobholders‹ und gute Familienväter.;
323;"Es war, glaube ich, Péguy, der den Familienvater den »grand aventurier du 20e siècle« genannt hat; er ist zu früh gestorben, um in ihm noch den großen Verbrecher des Jahrhunderts zu erleben.";
324;;
325;Wir sind so gewohnt gewesen, in dem Familienvater die gutmütige Besorgtheit, die ernste Konzentriertheit auf das Wohl der Familie, die feierliche Entschlossenheit, Frau und Kindern das Leben zu weihen, zu bewundern oder zu belächeln, daß wir kaum gewahr wurden, wie der treusorgende Hausvater, der um nichts so besorgt war wie Sekurität, sich unter dem Druck der chaotischen ökonomischen Bedingungen unserer Zeit in einen Abenteurer wider Willen verwandelte, der mit aller Sorge des nächsten Tages nie sicher sein konnte.;
326;Seine Docilität war in den Gleichschaltungen zu Beginn des Regimes bereits bewiesen worden.;
327;Es hatte sich herausgestellt, daß er durchaus bereit war, um der Pension, der Lebensversicherung, der gesicherten Existenz von Frau und Kindern willen Gesinnung, Ehre und menschliche Würde preiszugeben.;
328;Es bedurfte nur noch der teuflischen Genialität Himmlers, um zu entdecken, daß er nach solcher Degradierung aufs beste präpariert war, wortwörtlich alles zu tun, wenn man den Einsatz erhöhte und die nackte Existenz der Familie bedrohte.;
329;Die einzige Bedingung, die er von sich aus stellte, ist, daß man ihn von der Verantwortung für seine Taten radikal freisprach.;
330;Es ist der gleiche Durchschnittsdeutsche, den die Nazis trotz wahnsinnigster Propaganda durch Jahre hindurch nicht dazu haben bringen können, einen Juden auf eigene Faust totzuschlagen (selbst nicht, als sie es ganz klar machten, daß solch ein Mord straffrei ausgehen würde), der heute widerspruchslos die Vernichtungsmaschinen bedient.;
331;Im Gegensatz zu den früheren Formationen von SS und Gestapo rechnet die Himmlersche Gesamtorganisation weder mit Fanatikern noch mit Lustmördern noch mit Sadisten, sie rechnet einzig und allein     mit der Normalität von Menschen vom Schlage Herrn Heinrich Himmlers.;
332;Daß kein besonderer Nationalcharakter erforderlich ist, um den neuesten Typ des Funktionärs zum Funktionieren zu bringen, bedarf wohl nach den traurigen Nachrichten über Letten, Litauer, Polen und sogar Juden in Himmlers Mordorganisation keiner besonderen Erwähnung.;
333;Sie alle sind nicht von Natur Mörder und nicht aus Perversion Verräter.;
334;Es ist noch nicht einmal sicher, ob sie funktioniert hätten, wenn nur ihr eigenes Leben und ihre eigene Existenz auf dem Spiel gestanden hätten.;
335;Sie fühlten sich, nachdem sie Gott nicht mehr fürchteten und ihr Gewissen ihnen durch den Funktionscharakter ihrer Handlungen abgenommen war, nur noch ihrer Familie verantwortlich.;
336;Die Verwandlung des Familienvaters aus einem an den öffentlichen Angelegenheiten interessierten, verantwortlichen Mitglied der Gesellschaft in den Spießer, der nur an seiner privaten Existenz hängt und öffentliche Tugend nicht kennt, ist eine moderne internationale Erscheinung.;
337;Die Nöte unserer Zeit - »bedenkt den Hunger und die große Kälte in diesem Tale, das von Jammer schallt« (Brecht) - können ihn jeden Tag zum Spielball allen Wahnsinns und aller Grausamkeit machen.;
338;Jedesmal, wenn die Gesellschaft in der Erwerbslosigkeit den kleinen Mann um sein normales Funktionieren und seine normale Selbstachtung bringt, bereitet sie ihn auf jene letzte Etappe vor, in der er jede Funktion, auch den ›job‹ des Henkers zu übernehmen bereit ist.;
339;Ein aus Buchenwald entlassener Jude entdeckte unter den SS-Leuten, die ihm seine Entlassungspapiere aushändigten, einen ehemaligen Schulkameraden, den er nicht ansprach, wohl aber ansah.;
340;Darauf sagte der so Betrachtete sehr spontan: Du mußt verstehen - ich habe fünf Jahre Erwerbslosigkeit hinter mir, mit mir können sie alles machen.;
341;;
342;Es ist richtig, daß dieser moderne Typus Mensch, den wir mangels eines besseren Namens noch mit dem alten Wort Spießer bezeichnet haben, auf deutschem Boden eine besonders gute Chance des Blühens und Gedeihens hatte.     ;
343;Kaum ein anderes der abendländischen Kulturländer ist von den klassischen Tugenden des öffentlichen Lebens so unberührt geblieben, in keinem haben privates Leben und private Existenz eine so große Rolle gespielt.;
344;;
345;Diese Tatsache haben die Deutschen in Zeiten nationaler Not immer wieder mit viel Erfolg verschleiert, aber nicht geändert.;
346;Hinter der Fassade behaupteter und propagierter »Nationaltugenden« wie »Vaterlandsliebe«, »deutscher Mut«, »deutsche Treue« usw. verstecken sich entsprechende wirklich existierende National-Laster.;
347;Es gibt kaum irgendwo durchschnittlich so wenig Patriotismus wie gerade in Deutschland, und hinter der chauvinistischen Anmaßung von »Treue« und »Mut« verbirgt sich ein verhängnisvoller Hang zur Untreue und zum Verrat aus Opportunismus.;
348;Der Spießer selbst aber ist eine internationale Erscheinung, und wir täten gut daran, ihn nicht im blinden Vertrauen, daß nur der deutsche Spießer solch furchtbarer Taten fähig ist, allzusehr in Versuchung zu führen.;
349;Der Spießer ist der moderne Massenmensch, betrachtet nicht in seinen exaltierten Augenblicken in der Masse, sondern im sicheren oder vielmehr heute so unsicheren Schutz seiner vier Wände.;
350;Er hat die Zweiteilung von Privat und Öffentlich, von Beruf und Familie so weit getrieben, daß er noch nicht einmal in seiner eigenen identischen Person eine Verbindung zwischen beiden entdecken kann.;
351;Wenn sein Beruf ihn zwingt, Menschen zu morden, so hält er sich nicht für einen Mörder, gerade weil er es nicht aus Neigung, sondern beruflich getan hat.;
352;Aus Leidenschaft würde er nicht einer Fliege etwas zu Leide tun.;
353;Wenn man einem Individuum dieser neuesten Berufsgattung, die unsere Zeit hervorgebracht hat, morgen sagen wird, daß es zur Verantwortung gezogen wird, so wird es sich nur betrogen fühlen.;
354;Wenn es aber im Schock der Katastrophe zum Bewußtsein davon kommen sollte, daß es in Wahrheit nicht nur ein beliebiger Funktionär, sondern ein Mörder ist, so wird es auch nicht den Weg der Rebellion, sondern den Weg des Selbstmordes gehen     - wie ihn schon so viele in Deutschland, wo es offenbar eine Selbstmordwelle nach der anderen gibt, gegangen sind.;
355;Und damit wäre uns auch nicht sehr viel geholfen.;
356;IV;
357;Seit vielen Jahren begegnen mir Deutsche, welche erklären, daß sie sich schämten, Deutsche zu sein.;
358;Ich habe mich immer versucht gefühlt, ihnen zu antworten, daß ich mich schämte, ein Mensch zu sein.;
359;"Diese grundsätzliche Scham, die heute viele Menschen der verschiedensten Nationalitäten miteinander teilen, ist das einzige, was uns gefühlsmäßig von der Solidarität der Internationalen verblieben ist; und sie ist bislang politisch in keiner Weise produktiv geworden.";
360;"Die Menschheits-Schwärmerei unserer Väter hat nicht nur leichtfertig die sogenannte »nationale Frage« übersehen; sie hat, was ungleich schlimmer ist, den Ernst und den Schrecken der Idee der Menschheit und des jüdisch-christlichen Glaubens an einen einheitlichen Ursprung des Menschengeschlechts noch nicht einmal geahnt.";
361;Es war schon nicht sehr angenehm, die trügerische Hoffnung auf den »edlen Wilden« begraben und entdecken zu müssen, daß Menschen auch Kannibalen sein können.;
362;Seither haben die Völker einander besser und besser kennengelernt, haben sie mehr und mehr über die Möglichkeiten zum Bösen im Menschen erfahren.;
363;Der Erfolg ist, daß sie mehr und mehr vor der Idee der Menschheit zurückscheuen und immer anfälliger für Rasse-Doktrinen werden, welche die Möglichkeit der Menschheit prinzipiell verneinen.;
364;Sie spüren instinktiv, daß in der Idee der Menschheit, gleich ob sie in religiöser oder humanistischer Form auftritt, eine Verpflichtung zu einer Gesamtverantwortlichkeit mitenthalten ist, die sie nicht zu übernehmen wünschen.;
365;Denn die Idee der Menschheit, gereinigt von aller Sentimentalität, hat politisch die sehr schwerwiegende Konsequenz, daß wir in dieser oder jener Weise die Verantwortung für alle von Menschen begangenen Verbrechen, daß die Völker für     alle von Völkern begangenen Untaten die Verantwortung werden auf sich nehmen müssen.;
366;Die Scham, daß man ein Mensch ist, ist der noch ganz individuelle und unpolitische Ausdruck für diese Einsicht.;
367;Politisch gesprochen ist die Idee der Menschheit, von der man kein Volk ausschließen und innerhalb derer man keinem ein Monopol des Lasters zubilligen kann, die einzige Garantie dafür, daß nicht eine »höhere Rasse« nach der anderen sich verpflichtet glauben wird, dem Naturgesetz vom »Recht des Stärkeren« zu folgen und die »niederen lebensunfähigen Rassen« auszurotten - bis schließlich am Ende des »imperialistischen Zeitalters« wir uns auf einer Bahn bewegen werden, auf der die Nazis wie dilettantische Vorläufer einer zukünftigen Politik sich ausnehmen werden.;
368;Eine nichtimperialistische Politik zu machen, eine nicht-rassische Gesinnung sich zu bewahren wird täglich schwerer, weil täglich klarer wird, was für eine Last die Menschheit für den Menschen ist.;
369;Vielleicht haben jene Juden, deren Vätern die erste Konzeption der Idee der Menschheit zu danken ist, etwas über diese Last gewußt, wenn sie alljährlich im »Owinu Malkenu chotonu lefonecho« nicht nur alle in der Gemeinde begangenen Sünden, sondern alle menschlichen Verfehlungen überhaupt auf sich nahmen.;
370;"Diejenigen, die heute bereit sind, in moderner Form diesen Weg wieder zu gehen, haben sich vermutlich nicht pharisäisch mit dem Stoß-Seufzer des »Gott-sei-Dank-ich-bin-nicht-so« über die ungeahnten Möglichkeiten des »deutschen Nationalcharakters« entsetzt; dafür haben sie in Furcht und Zittern endlich begriffen, wessen alles der Mensch fähig ist - und dies ist in der Tat eine Vorbedingung modernen politischen Denkens.";
371;;
372;Sie werden sich vermutlich nicht sehr gut zu Funktionären der Rache eignen.;
373;Eines aber ist sicher: auf sie und nur auf sie, die eine genuine Angst vor der notwendigen Verantwortung des Menschengeschlechts haben, wird Verlaß sein, wenn es darum geht, gegen das ungeheure Übel, das Menschen anrichten können, furchtlos und kompromißlos und überall zu kämpfen.    ;
374;Franz Kafka, von neuem gewürdigt  ;
375;Vor gut zwanzig Jahren, im Sommer 1924, starb Franz Kafka im Alter von 44 Jahren.;
376;"Während der folgenden Jahre wuchs sein Ruf ständig in Deutschland und Österreich, seit 1930 auch in Frankreich, England und Amerika.
alle sind betroffen von dem Neuartigen seiner Erzählerkunst, von etwas spezifisch Modernem, das sonst nirgends in der gleichen Stärke und Unzweideutigkeit erscheint.";
377;;
378;;
379;Das gemeinsame Erlebnis der Leser Kafkas ist eine allgemeine, unbestimmbare Bezauberung, sogar bei Erzählungen, die sie nicht verstehen, eine klare Erinnerung an merkwürdige und scheinbar unsinnige Bilder und Beschreibungen, - bis sich ihnen eines Tages der verborgene Sinn mit der plötzlichen Deutlichkeit einer einfachen und unangreifbaren Wahrheit enthüllt.    ;
380;Beginnen wir mit dem Roman Der Prozeß, über den eine kleine Bibliothek von Auslegungen veröffentlicht worden ist.;
381;;
382;Im Falle des K. wird die Unterwerfung nicht durch Gewalt erreicht, sondern einfach durch das wachsende Schuldgefühl, das die unbegründete Anschuldigung im beschuldigten Menschen erweckt.;
383;;
384;;
385;Und da K., ein vielbeschäftigter Bankangestellter, nie Zeit gehabt hat, über solche allgemeinen Prinzipien nachzudenken, wird er veranlaßt, gewisse ihm unbekannte Bezirke seines Ichs zu erforschen.;
386;Dies wiederum führt ihn in Verwirrung, zur Verwechselung des organisierten und bösartigen Übels seiner Umwelt mit dem notwendigen Ausdruck jener allgemeinen Schuld, die harmlos und beinahe unschuldig ist, verglichen mit dem bösen Willen, der »die Lüge zur Weltordnung« macht und sogar des Menschen gerechtfertigte Demut braucht und mißbraucht.;
387;Diese innere Entwicklung des Helden - seine éducation sentimentale - macht die zweite Schicht der Erzählung aus, die das Funktionieren der bürokratischen Maschine begleitet.;
388;Die Ereignisse der Außenwelt und die innere Entwicklung treffen endlich in der letzten Szene der Hinrichtung zusammen, einer Hinrichtung, der sich K., obwohl sie grundlos stattfindet, ohne Sträuben unterwirft.;
389;Daß der Prozeß eine Kritik der bürokratischen Regierungsform der Vorkriegs-Verwaltung Österreichs enthält, dessen zahlreiche und sich bekämpfende Nationalitäten durch eine gleichförmige Beamtenhierarchie regiert wurden, ist seit dem ersten Erscheinen des Romans begriffen worden.;
390;Kafka, Angestellter einer Arbeiterversicherungsgesellschaft und ein treuer Freund vieler osteuropäischer Juden, denen er die Genehmigung, in Österreich zu bleiben, verschaffen mußte, hatte eine sehr genaue Kenntnis der politischen Zustände seines Landes.;
391;Dem Publikum der zwanziger Jahre schien das Übel der Bürokratie nicht groß genug zu sein, als daß es das Entsetzen und den Schrecken erklärlich machte, die im Roman zum Ausdruck kommen.;
392;Sie suchten daher nach anderen, scheinbar tieferen Auslegungen und fanden sie, nach der damaligen Mode, in einer geheimnisvollen Darstellung religiöser Realität, dem Ausdruck einer schrecklichen Theologie.;
393;Kafka hatte wirklich eine Gesellschaft gezeichnet, die sich als Stellvertretung Gottes eingesetzt hatte, und beschrieb Menschen, die die Gesetze der Gesellschaft als göttlich betrachteten - unwandelbar durch den menschlichen Willen.;
394;Mit anderen Worten, was an der Welt, in der Kafkas Helden verstrickt sind, falsch ist, ist gerade ihre Vergöttlichung, ihre Anmaßung, eine göttliche Notwendigkeit darzustellen.;
395;Kafka will diese Welt zerstören, indem er ihre scheußliche und verborgene Struktur aufdeckt, indem er Wirklichkeit und Anspruch einander gegenüberstellt.;
396;Aber der moderne Leser - oder wenigstens der Leser der zwanziger Jahre, der sich durch Paradoxe als solche bezaubern ließ und von bloßen Gegensätzen angezogen wurde, wollte nicht mehr auf Vernunft hören.;
397;;
398;"Sein Verständnis für Kafka offenbart mehr über ihn selber als über Kafka, es enthüllt seine Eignung für diese Gesellschaft, sei es auch die Eignung einer »Elite«.
Dieser Leser bleibt völlig ernst bei dem Sarkasmus Kafkas, von der lügnerischen Notwendigkeit und der notwendigen Lüge als einem göttlichen Gesetz.    
Kafkas nächster großer Roman, Das Schloß, führt uns in dieselbe Welt, die diesmal nicht durch die Augen eines Menschen gesehen wird, der sich am Ende der Notwendigkeit unterwirft und von ihrer Regierung nur erfährt, weil er von ihr verurteilt wird, sondern durch die Augen eines ganz anderen K. Dieser K. kommt aus freiem Willen zu ihr, als Fremder, und will einen sehr bestimmten Zweck erreichen:";
399;;
400;er will sich niederlassen, ein Mitbürger werden, sein Leben aufbauen und heiraten, Arbeit finden und ein nützliches Mitglied der Gesellschaft werden.  ;
401;;
402;;
403;Aber während er nichts weiter verlangt, ist es klar, daß er sich auch mit nichts Anderem begnügen wird.;
404;aber Beschäftigung, »geregelte Arbeit«, verlangt er als sein Recht.;
405;"Seine Schwierigkeiten beginnen, weil nur das Schloß seine Forderungen erfüllen kann;";
406;"und das Schloß wird das entweder als Gunstbezeigung tun oder wenn er einwilligt, in seinen Geheimdienst einzutreten:
- »ein scheinbarer Dorfarbeiter, der in Wirklichkeit sein ganzes Arbeitsverhältnis von den Nachrichten des Barnabas« - das ist der Bote des Hofes - »bestimmen ließ.";
407;Da seine Forderungen nichts anderes sind als die unveräußerlichen Menschenrechte, kann er sie nicht als Gunstbezeigung des Schlosses annehmen.;
408;An diesem Punkt treten die Dorfleute auf;
409;sie suchen K. davon zu überzeugen, daß ihm die Erfahrung fehle und daß er nicht wisse, daß das ganze Leben aus Gnade und Ungnade, aus Gunst und Mißgunst besteht und davon beherrscht wird, - beide so unverständlich und zufällig wie Glück und Unglück.;
410;Im Recht oder im Unrecht zu sein, das sei ein Teil des »Geschickes«, versuchen sie ihm zu erklären, des Geschickes, das niemand ändern, das man nur erfüllen kann.;
411;K.s Fremdheit bekommt so eine weitere Bedeutung:;
412;er ist nicht nur fremd, weil er weder zum Dorf noch zum Schloß gehört, sondern weil er der einzige Normale und Gesunde in einer Welt ist, wo alles Menschliche und Normale, wo Liebe, Arbeit, Kameradschaft gewaltsam aus der Hand des Menschen gerissen wurden, um als Gabe von außen verliehen zu werden - oder, wie sich K. ausdrückt, von oben.;
413;Ob Schicksal, Segen oder Fluch, jedenfalls ist es etwas Geheimnisvolles, etwas, das der Mensch entgegennehmen kann oder das ihm verweigert wird, das er aber nie selber schaffen kann.;
414;Deswegen ist K.s Streben keineswegs gewöhnlich und einleuchtend, sondern im Gegenteil außergewöhnlich und anstößig.;
415;Er kämpft um das Minimum, als ob es etwas wäre, das die Totalität aller möglichen Forderungen umfaßt.;
416;K.s hartnäckige Zielstrebigkeit öffnet jedoch einigen Dorfbewohnern die Augen;
417;sein Benehmen zeigt ihnen, daß Menschenrechte wert sein können, erkämpft zu werden und daß die Herrschaft des Schlosses nicht göttliches Gebot ist und darum angegriffen werden kann.;
418;;
419;Und sie fügen hinzu: »wie froh sind wir, daß du zu uns kamst«!;
420;Doch der Kampf des Fremden hatte nur den Erfolg, ein Beispiel zu geben.;
421;;
422;;
423;;
424;;
425;Wir wissen, daß Kafkas Konstruktion kein bloßer Albtraum war.;
426;Aber diese Welt hat sich tatsächlich verwirklicht.;
427;Die Generation der vierziger Jahre und besonders diejenigen, die den zweifelhaften Vorzug hatten, unter dem furchtbarsten Regime gelebt zu haben, das die Geschichte bisher hervorgebracht hat, wissen, daß Kafkas Terror der wahren Natur des Sachverhaltes entspricht, die wir Bürokratie nennen - wo Regierung durch Verwaltung und Gesetze durch willkürliche Erlasse ersetzt werden.;
428;Wäre Kafkas Beschreibung dieser Maschinerie wirklich Prophezeihung, so wäre sie genau so billig, wie die zahllosen anderen Vorhersagen, die uns seit dem Anfang des Jahrhunderts plagen.;
429;Charles Péguy, der selber oft mit einem Propheten verwechselt wurde, bemerkte einmal: »Der Determinismus, soweit er begriffen werden kann, ist vielleicht nichts anderes als das Gesetz der Rückstände«.;
430;;
431;In einer sich auflösenden Gesellschaft, die blind dem natürlichen Weg des Unterganges folgt, kann die Katastrophe vorausgesehen werden.;
432;;
433;;
434;Durch den Glauben an einen notwendigen und automatischen Prozeß, dem sich der Mensch unterwerfen müsse, einen Glauben, der zu seiner Zeit beinahe allgemeingültig war, wurden diese verderblichen Strukturen unterstützt, und der Untergang selbst beschleunigt.;
435;Die Worte des Gefängnisgeistlichen im Prozeß enthüllen den Glauben der Beamten als Glauben an eine Notwendigkeit, als deren Sachwalter sie auftreten.;
436;»Der Engel der Geschichte .... kehrt sein Antlitz der Vergangenheit zu.;
437;;
438;Aber ein Wind weht vom Paradies und verfängt sich in seinen Flügeln, der so stark ist, daß der Engel sie nicht schließen kann.;
439;Dieser Wind ist, was wir Fortschritt nennen«.  ;
440;;
441;;
442;Dort leben alle, seien es die Kleinen, wie das Volk im Schloß, das Angst um seine Stellung hat, oder die Großen, wie die Beamten im Schloß und im Prozeß, in vollständiger Übereinstimmung mit ihren Stellungen und streben nach einer Art übermenschlicher Vollkommenheit.;
443;;
444;;
445;;
446;Als zum Beispiel in dem Roman Amerika der Oberportier eines Hotels jemand verwechselt, sagt er:;
447;In meinen dreißig Dienstjahren ist mir allerdings noch keine Verwechslung passiert«.;
448;Sich irren heißt seine Stellung verlieren;
449;deswegen kann er nicht einmal die Möglichkeit eines Irrtums zugeben.;
450;Arbeitende, die von der Gesellschaft gezwungen werden, die menschliche Möglichkeit des Irrtums zu leugnen, können nicht menschlich bleiben, sondern müssen handeln, als ob sie Übermenschen wären.;
451;Kafkas Beamte, Angestellte und Funktionäre sind weit davon entfernt, vollkommen zu sein, aber sie alle handeln nach der nämlichen Voraussetzung allumfassender Tüchtigkeit.;
452;Kafka stellt uns sofort vor das Ergebnis einer solchen Entwicklung, denn nur das Ergebnis gilt.;
453;;
454;Umfassende Tüchtigkeit ist der Motor der Maschine, in der sich Kafkas Helden verfangen, einer Maschine, die in sich selber sinnlos und zerstörerisch ist, die aber reibungslos arbeitet.    ;
455;Eines der Haupt-Themen der Erzählungen Kafkas ist der Aufbau dieser Apparatur, die Beschreibung ihrer glatten Arbeitsweise, und die Versuche seiner Helden, sie um der einfachen menschlichen Werte willen zu zerstören.;
456;Diese namenlosen Helden sind nicht gewöhnliche Menschen, wie man sie auf der Straße treffen könnte, sondern vielmehr das Urbild des »gewöhnlichen Menschen« als ein Ideal von Humanität.;
457;Wie der »vergessene Mensch« aus Chaplin’s Filmen, so wurde auch Kafkas »gewöhnlicher Mensch« von einer Gesellschaft vergessen, die aus großen und kleinen Leuten besteht.;
458;dem Funktionieren.;
459;Dieser gute Wille, für den der Held nur zum Beispiel dient, hat auch seine Funktion.;
460;Auf beinahe unschuldige Weise enthüllt er die verborgene Struktur der Gesellschaft, die offenbar die einfachsten Bedürfnisse des Menschen vereitelt und seine besten Vorsätze zerstört.;
461;Er enthüllt auch den falschen Aufbau einer Welt, in der der Mensch guten Willens, der keine erfolgreiche Laufbahn ergreifen will, einfach verloren ist.;
462;Er hilft diese Seiten der Wohlanständigkeit aufdecken, bevor sie tatsächlich in Stücke gerissen wird.;
463;Der Eindruck der Unwirklichkeit und Modernität, den wir bei Kafkas Erzählungen bekommen, beruht hauptsächlich darauf, daß sein höchstes Interesse diesem Funktionieren gilt, daß er Ansichten überhaupt aufs äußerste vernachlässigt und daß er sich nicht für das Äußere und die Erscheinung der Welt interessiert.;
464;Es ist darum ein Mißverständnis, ihn zu den Surrealisten zu zählen.;
465;Während der Surrealist versucht, so viele und widersprechende Ansichten der Wirklichkeit als möglich zu zeigen, erfindet Kafka frei die Ansichten, die sich auf jenes Funktionieren beziehen, und dieses bleibt sein Hauptanliegen.;
466;Während die Lieblingsmethode des Surrealisten immer die Photomontage ist, könnte man Kafkas Technik am besten mit der Konstruktion eines Modells vergleichen.;
467;"Wenn ein Mann ein Haus bauen will oder wenn er ein Haus gut genug kennen will, um seine Festigkeit zu beurteilen, wird er sich eine Blaupause des Gebäudes anfertigen oder sich eine beschaffen.
Kafkas Erzählungen sind solche Aufrisse";
468;sie sind in gewissem Sinn eher das Ergebnis eines Denkprozesses als das bloßer Sinneserfahrung.;
469;;
470;Aufrisse können nur von denen verstanden werden, die fähig und willig sind, sich mit eigener Phantasie die wirklichen Absichten und die zukünftige Ansicht vorzustellen.;
471;;
472;;
473;;
474;;
475;;
476;Im Lichte dieser Erwägungen können wir eine der einfachsten Erzählungen Kafkas betrachten, und zwar eine sehr charakteristische, sie heißt: Eine alltägliche Verwirrung Ein alltäglicher Vorgang: sein Ertragen eine alltägliche Verwirrung.;
477;"A hat mit B aus H ein wichtiges Geschäft abzuschließen.
Er geht zur Vorbesprechung nach H, legt den Hin- und Herweg in je zehn Minuten zurück und rühmt sich zu Hause dieser besonderen Schnelligkeit.";
478;;
479;;
480;Da dieser voraussichtlich mehrere Stunden erfordern wird, geht A sehr früh morgens fort.;
481;Trotzdem aber alle Nebenumstände, wenigstens nach A’s Meinung, völlig die gleichen sind wie am Vortag, braucht er diesmal zum Weg nach H zehn Stunden.;
482;Als er dort ermüdet abends ankommt, sagt man ihm, daß B, ärgerlich wegen A’s Ausbleiben vor einer halben Stunde zu A in sein Dorf gegangen sei und sie sich eigentlich unterwegs hätten treffen müssen.;
483;"Man rät A zu warten.
aber in Angst wegen des Geschäftes macht sich sofort auf und eilt nach Hause. 	";
484;;
485;"Zuhause erfährt er, B sei doch schon gleich früh gekommen - gleich nach dem Weggang A’s, ja er habe A im Haustor getroffen, ihn an das Geschäft erinnert, aber A habe gesagt, er hätte jetzt keine Zeit, er müsse jetzt eiligst fort.    
Trotz dieses unverständlichen Verhaltens A";
486;;
487;;
488;;
489;;
490;;
491;’s sei aber B doch hier geblieben, um auf A zu warten.;
492;Er habe zwar schon oft gefragt, ob A nicht schon wieder zurück sei, befinde sich aber noch oben in A’s Zimmer.;
493;Glücklich darüber, B jetzt noch zu sprechen und ihm alles erklären zu können, läuft A die Treppe hinauf.;
494;Schon ist er fast oben, da stolpert er, erleidet eine Sehnenzerrung und fast ohnmächtig vor Schmerz, unfähig sogar zu schreien, nur winselnd im Dunkel hört er, wie B - undeutlich ob in großer Ferne oder knapp neben ihm - wütend die Treppe hinunterstampft und endgültig verschwindet.   ;
495;Die Technik scheint hier sehr klar zu sein.;
496;;
497;Weil seine Erzählung aus Faktoren, die zu typisch menschlichen Fehlschlägen beitragen, und nicht aus wirklichen Ereignissen bestehen, erscheinen sie zuerst als wilde und komische Übertreibung wirklicher Vorkommnisse oder wild gewordene, aber unentrinnbare Logik.;
498;Alle wesentlichen Umstände, die zu der gewöhnlichen Erfahrung des Fehlschlagens einer Verabredung wie: Übereifer (wodurch A. zu früh fortgeht und B. auf der Treppe übersieht), falsche Konzentration auf Kleinigkeiten (A. denkt an die Reise anstatt an seinen Hauptzweck, B. zu treffen, was sie länger macht als damals, da er sie unaufmerksam zurücklegte) und endlich die typischen mutwilligen Streiche, zu denen sich Dinge und Umstände verschwören, um solches Mißlingen endgültig zu machen - sind in der Erzählung enthalten.;
499;Sie sind das Rohmaterial des Dichters.;
500;Aus dem, was bisher gesagt wurde, geht hervor, daß der Romanschriftsteller Franz Kafka keine Romane im klassischen Sinn des Wortes, im Sinne des 19. Jahrhunderts, geschrieben hat.;
501;"Der Eindruck der Übertreibung verschwindet jedoch vollkommen, wenn wir die Geschichte als das, was sie wirklich ist, betrachten, nicht als Bericht über ein verwirrendes Ereignis, sondern als Urbild der Verwirrung selbst.
Die Basis des klassischen Romans war die Anerkennung der Gesellschaft, Unterwerfung unter das Leben, wie es kommt, die Überzeugung, daß Größe des Schicksals jenseits menschlicher Tugenden und menschlicher Laster ist.";
502;Er setzt den Niedergang des Staatsbürgers voraus, der während der Französischen Revolution den Versuch gemacht hatte, die Welt nach menschlichen Gesetzen zu regieren.;
503;Er zeigte das Wachstum des bürgerlichen Individuums, dem Leben und Welt Schauplatz von Ereignissen geworden war und das sich mehr Ereignisse und Geschehen wünschte, als der gewöhnlich enge und sichere Rahmen seines Lebens ihm bieten konnte.;
504;"Heutzutage sind diese Schriftsteller, die immer im Wettbewerb mit der Wirklichkeit standen (sogar wenn sie Wirklichkeit nachahmten) durch den Reporter ersetzt worden.
In unserer Welt haben wirkliche Ereignisse und wirkliche Schicksale die Phantasie der Schriftsteller weit übertroffen.
Das Gegenstück zu der Ruhe und Sicherheit der bürgerlichen Welt, in der das Individuum seinen Teil an Aufregungen und Ereignissen vom Leben erwartete und nie ganz genug davon bekam, waren die großen Männer, die Genies und Ausnahmen, die in den Augen dieser selben Welt die wunderbare und geheimnisvolle Inkarnation von etwas Übermenschlichem darstellten: Schicksal (wie im Falle Napoleons) oder Geschichte (wie im Falle Hegels) oder der Ruf Gottes (wie im Falle Kierkegaards, der sich für ein von Gott gesetztes Beispiel hielt und deshalb für eine »Ausnahme«) oder Notwendigkeit (wie im Falle Nietzsches, der erklärte, er sei eine »Notwendigkeit«).";
505;Die höchste Idee des Menschen war der Mensch mit einer Mission, einem Ruf, den er zu erfüllen hatte.;
506;Je größer die Mission, desto größer der Mensch.;
507;;
508;"Das Einzige, was der Mensch, als solche Inkarnation des Übermenschlichen aufgefaßt, ereichen konnte, war der »amor fati« (Nietzsche), die Liebe zum Schicksal, die bewußte Identifizierung mit dem, was ihm widerfuhr.
Größe wurde nicht mehr in dem geleisteten Werk, sondern im Menschen selbst gesucht;";
509;Genie galt nicht mehr als Gabe der Götter, Menschen verliehen, die wesentlich sie selber blieben.;
510;Die ganze Persönlichkeit war eine Inkarnation des Genies geworden und wurde als solches, nicht mehr als gewöhnlicher Mensch betrachtet.;
511;Kant, der im Wesentlichen der Philosoph der Französischen Revolution war, definierte Genie noch als »die angeborene Gemütsanlage, durch welche die Natur der Kunst die Regel gibt«.;
512;Ich stimme dieser Definition nicht bei, ich glaube vielmehr, daß Genie die Anlage ist, durch die die Menschheit der Kunst die Regel gibt.;
513;Aber das ist unwesentlich.;
514;Denn was uns in Kants Definition und in seiner weiteren Erklärung auffällt, ist das völlige Fehlen jener leeren Größe, die während des gesamten neunzehnten Jahrhunderts das Genie zum Vorläufer des Übermenschen, einer Art von Ungeheuer, gemacht hat.;
515;Was Kafka so modern und zugleich als so seltsam unter seinen Zeitgenossen der Vorkriegswelt erscheinen läßt, ist gerade seine Weigerung, Dinge an sich »geschehen« zu lassen (zum Beispiel wollte er nicht, daß ihm eine Ehe »widerführe«, wie es bei den Meisten ist), er mochte die Welt nicht, wie sie ihm gegeben war, er mochte nicht einmal die Natur (deren Stabilität nur so lange besteht, wie wir sie in Frieden lassen).;
516;Er wollte eine Welt in Übereinstimmung mit menschlichen Bedürfnissen und menschlicher Würde aufbauen, eine Welt, in der die Tätigkeit des Menschen von ihm selbst bestimmt und die durch seine Gesetze regiert wird, nicht durch geheimnisvolle Kräfte, die von oben oder unten ausströmen.;
517;Zudem war es sein brennendster Wunsch, einer solchen Welt anzugehören, es lag ihm nichts daran, ein Genie oder die Inkarnation irgend einer Größe zu sein.;
518;Dies bedeutet natürlich nicht - wie manchmal behauptet wird -, daß Kafka bescheiden gewesen wäre.;
519;;
520;;
521;»Jeder Satz, den ich schreibe, hat Vollendung« - eine einfache Feststellung der Wahrheit, die aber sicher nicht von einem bescheidenen Menschen herrührt.;
522;Er war nicht bescheiden, er war demütig.;
523;Um Teil einer solchen Welt zu werden (wie er sie vorsichtig am Schluß, dem »happy end«, seines dritten Romanes Amerika zu beschreiben versuchte), mußte er zuerst die Zerstörung der fehlkonstruierten Welt vorwegnehmen.;
524;Durch diese vorweggenommene Zerstörung trug er das Bild, die höchste Gestalt des Menschen als Modell guten Willens, des Menschen als »fabricator mundi«, des Welterbauers, der die Fehlkonstruktion beseitigen und seine Welt neu aufbauen kann.;
525;Weil aber diese Helden nur Modelle guten Willens sind und im Anonymen und in der Abstraktheit des Allgemeinen bleiben und nur in der Funktion, die der gute Wille in unserer Welt haben könnte, gezeigt werden, deswegen scheinen seine Romane eine einzigartige Anziehung zu besitzen, so als ob er sagen wollte: dieser Mensch guten Willens könnte irgendwer und jedermann sein, vielleicht sogar du und ich.     ;
